longitude,latitude,housing_median_age,total_rooms,total_bedrooms,population,households,median_income,median_house_value,ocean_proximity
-121.82,39.75,29,7744,1375,3316,1365,3.0253,111400,INLAND
-121.92,37.68,23,1655,223,706,219,7.2211,291900,<1H OCEAN
-122.04,37.62,35,899,179,455,185,4.2857,190400,NEAR BAY
-122.29,37.81,46,2801,644,1823,611,0.9802,129200,NEAR BAY
-121.99,37.56,18,5505,1005,2641,971,5.0,269700,<1H OCEAN
-120.37,38.23,13,4401,829,924,383,2.6942,123500,INLAND
-121.97,39.79,16,1453,299,904,286,3.5735,89600,INLAND
-121.96,37.71,6,8072,1050,3386,1062,7.2494,336500,<1H OCEAN
-122.36,37.94,27,844,249,583,265,0.9687,105800,NEAR BAY
-121.99,37.55,16,6647,2098,4649,1903,2.9074,213800,<1H OCEAN
-121.65,39.35,24,1003,251,1098,227,1.7552,86400,INLAND
-122.25,37.77,52,2650,566,1468,567,3.0161,215700,NEAR BAY
-121.81,37.99,18,2807,445,1315,437,4.8194,170400,INLAND
-119.54,36.61,20,1490,318,1474,326,1.4937,54700,INLAND
-122.02,37.59,18,1165,333,855,319,3.6923,213200,NEAR BAY
-122.32,37.92,22,1119,220,565,199,3.3594,186900,NEAR BAY
-122.19,39.74,39,4179,814,2111,809,2.3507,65600,INLAND
-121.59,39.86,14,1527,269,665,261,2.8657,119600,INLAND
-120.78,38.72,19,4414,767,1865,699,3.6406,150900,INLAND
-122.07,37.63,35,1931,376,1175,337,3.7292,168100,NEAR BAY
-119.73,36.8,24,1316,249,781,260,3.7578,69200,INLAND
-122.22,37.8,52,2286,464,1073,441,3.0298,199600,NEAR BAY
-122.04,37.97,10,974,316,631,286,2.3152,140600,NEAR BAY
-122.25,37.82,28,3337,855,1520,802,3.9063,225000,NEAR BAY
-122.08,37.61,6,2605,474,1568,433,5.0406,261400,NEAR BAY
-122.06,37.67,22,3882,816,1830,743,4.2733,180700,NEAR BAY
-122.36,37.94,45,907,188,479,161,3.0862,79000,NEAR BAY
-119.69,36.75,6,1926,303,965,316,4.7463,93100,INLAND
-122.09,38.02,37,1742,339,1128,345,3.8824,113700,NEAR BAY
-121.91,38.02,15,2966,558,1687,527,3.4817,129800,INLAND
-122.25,37.85,52,1274,235,558,219,5.6431,341300,NEAR BAY
-122.13,37.72,26,2862,394,1030,397,7.912,367300,NEAR BAY
-122.05,37.68,32,2015,318,1019,340,6.1104,240700,NEAR BAY
-122.16,37.74,47,824,223,533,166,2.625,98200,NEAR BAY
-122.26,37.85,52,2643,626,1212,620,1.9167,159200,NEAR BAY
-119.77,36.74,51,1454,235,729,252,3.3125,70100,INLAND
-121.86,38.04,52,242,59,188,54,1.3958,67500,INLAND
-122.0,38.03,4,2341,408,1235,431,6.0424,165900,INLAND
-121.92,38.01,7,1632,248,879,262,6.1237,166000,INLAND
-119.78,36.76,47,1425,323,949,325,1.7344,51300,INLAND
-119.8,36.72,15,1908,417,1383,375,1.0472,57800,INLAND
-122.25,37.82,52,2474,403,1104,398,5.883,340700,NEAR BAY
-121.95,38.02,9,3360,833,2041,810,2.1013,100700,INLAND
-121.61,37.86,30,1428,287,989,287,3.691,154400,INLAND
-119.61,36.57,42,2242,521,1359,483,1.5833,65100,INLAND
-121.93,37.76,5,2255,269,876,258,10.3345,461400,<1H OCEAN
-119.72,36.8,23,2128,442,1047,450,2.625,71500,INLAND
-122.29,37.89,52,979,175,374,153,5.1675,270600,NEAR BAY
-120.91,38.11,9,3585,680,1800,598,3.636,133100,INLAND
-122.02,37.6,31,2155,522,1858,437,2.652,159800,NEAR BAY
-119.61,36.94,14,863,151,315,135,4.2679,151800,INLAND
-119.77,36.83,19,3237,507,1378,510,4.7804,101100,INLAND
-122.18,37.78,43,1985,440,1085,407,3.4205,136700,NEAR BAY
-122.08,37.71,35,2211,350,1004,365,5.4639,238600,NEAR BAY
-122.06,37.73,5,3596,467,1738,512,7.0568,412500,NEAR BAY
-122.28,37.8,52,96,31,191,34,0.75,162500,NEAR BAY
-122.2,37.82,37,1229,181,420,176,7.0175,366700,NEAR BAY
-122.27,37.9,42,1650,274,645,256,5.6228,375400,NEAR BAY
-122.28,37.96,35,1579,243,734,264,5.5,201000,NEAR BAY
-122.51,39.3,19,1629,386,551,214,1.7463,68800,INLAND
-122.0,37.86,18,8953,1074,3011,993,10.7372,500001,<1H OCEAN
-119.78,36.84,7,4907,1075,2014,909,3.2147,111900,INLAND
-122.04,37.6,17,3314,638,1873,602,4.3875,238500,NEAR BAY
-119.68,36.81,16,2668,454,1536,457,3.9792,88900,INLAND
-122.25,38.0,16,2978,411,1531,400,6.5006,237700,NEAR BAY
-121.87,38.02,52,2264,439,1403,476,2.7083,99400,INLAND
-122.28,37.86,41,2214,550,1213,568,2.2845,153100,NEAR BAY
-121.53,39.44,26,1340,255,662,239,2.6071,57100,INLAND
-121.52,39.51,30,3085,610,1688,575,2.334,72200,INLAND
-123.83,41.88,18,1504,357,660,258,3.13,116700,<1H OCEAN
-122.15,37.72,29,4169,1047,2024,962,2.8125,157400,NEAR BAY
-119.47,36.69,19,3351,589,1578,542,3.2917,160100,INLAND
-122.13,37.72,45,2315,451,1006,444,3.524,186200,NEAR BAY
-122.26,37.86,52,3497,832,1493,794,2.9044,257400,NEAR BAY
-122.31,37.94,38,1794,349,810,335,3.8343,191400,NEAR BAY
-121.56,39.52,26,1957,429,945,397,1.7308,53600,INLAND
-122.18,37.73,44,548,119,435,136,2.1111,79700,NEAR BAY
-121.84,37.99,15,2380,385,1292,388,4.6029,142600,INLAND
-122.23,37.82,52,3494,396,1192,383,12.3804,500001,NEAR BAY
-121.57,39.5,31,2023,469,1073,436,1.5714,56100,INLAND
-122.37,37.93,37,709,190,644,174,0.8641,84200,NEAR BAY
-119.75,36.8,25,2718,504,1257,465,2.3333,90600,INLAND
-122.08,37.94,44,2185,357,943,366,4.725,232100,NEAR BAY
-119.77,36.74,50,1325,280,811,281,1.8667,62800,INLAND
-119.31,36.63,26,1874,416,1834,432,1.6486,55200,INLAND
-119.82,36.83,16,2868,376,1016,379,6.1175,144700,INLAND
-121.94,37.95,18,2541,355,986,346,7.1978,288000,INLAND
-122.16,37.89,32,1779,241,721,258,8.7589,434500,NEAR BAY
-119.84,36.77,6,1853,473,1397,417,1.4817,72000,INLAND
-120.76,38.12,7,7188,1288,3175,1115,3.8488,130600,INLAND
-120.88,38.16,8,2029,387,1000,364,4.0109,125900,INLAND
-122.1,37.68,37,2116,503,1109,448,2.535,174000,NEAR BAY
-120.56,38.48,14,3545,702,946,411,3.4609,120900,INLAND
-122.23,37.79,52,1783,395,1659,412,2.9357,107900,NEAR BAY
-122.11,37.65,18,4335,808,2041,734,3.4861,331600,NEAR BAY
-122.25,39.79,16,2127,412,1104,369,3.0469,72200,INLAND
-121.8,38.01,44,3184,581,1399,548,2.7234,110200,INLAND
-122.09,37.65,35,1130,192,543,184,4.3897,190600,NEAR BAY
-122.25,37.77,52,1527,320,825,264,3.4531,208800,NEAR BAY
-122.18,37.75,45,990,261,901,260,2.1731,82000,NEAR BAY
-119.84,36.78,24,3242,795,2764,773,1.3385,58800,INLAND
-119.69,36.82,15,3303,512,1687,505,4.81,93600,INLAND
-121.82,39.75,37,2236,372,974,379,3.2016,97000,INLAND
-120.38,36.76,25,991,272,941,262,1.8125,58000,INLAND
-122.04,37.97,39,1323,245,705,261,3.1968,151000,NEAR BAY
-122.12,37.71,38,1164,284,632,289,3.0345,152100,NEAR BAY
-122.0,37.54,26,1910,371,852,357,5.8325,298900,<1H OCEAN
-121.96,37.99,2,3129,707,1606,698,2.9591,210100,INLAND
-119.54,36.52,16,2703,415,1106,372,4.2045,120900,INLAND
-122.26,38.02,5,3846,786,2053,716,5.0473,184800,NEAR BAY
-122.27,37.8,16,994,392,800,362,2.0938,162500,NEAR BAY
-122.13,37.68,45,2457,445,1129,422,4.0588,182800,NEAR BAY
-122.18,37.7,35,2562,554,1398,525,3.3906,178900,NEAR BAY
-122.1,37.63,18,9963,2031,5613,1946,3.8171,187200,NEAR BAY
-119.8,36.72,43,1286,360,972,345,0.9513,50400,INLAND
-121.79,38.0,34,3090,593,1588,566,3.6118,124700,INLAND
-121.96,38.02,35,2691,542,1409,505,3.016,95300,INLAND
-120.59,38.45,13,2944,558,1091,466,3.0,119000,INLAND
-122.1,37.67,34,3659,897,2479,903,2.9564,150500,NEAR BAY
-122.07,37.66,28,2280,610,1255,587,2.6719,161200,NEAR BAY
-120.81,38.74,29,2259,482,1099,463,2.3314,121600,INLAND
-120.81,38.89,17,1438,324,675,268,2.9444,119300,INLAND
-120.98,38.66,9,2073,404,916,373,3.225,163300,INLAND
-122.02,37.87,14,3056,369,1209,377,8.4352,441400,NEAR BAY
-119.56,36.7,40,1195,326,1135,315,2.1182,58900,INLAND
-119.46,36.61,13,1348,258,719,246,3.625,108300,INLAND
-122.26,37.84,50,2239,455,990,419,1.9911,158700,NEAR BAY
-119.83,36.82,14,1087,165,365,176,7.2909,155600,INLAND
-120.87,38.37,28,3998,765,1614,698,2.8125,113400,INLAND
-121.65,39.32,40,812,154,374,142,2.7891,73500,INLAND
-119.85,36.83,15,2563,335,1080,356,6.7181,160300,INLAND
-122.08,37.63,35,517,108,391,107,4.0682,156900,NEAR BAY
-122.22,37.82,39,2492,310,808,315,11.8603,500001,NEAR BAY
-122.04,37.67,29,1694,251,690,242,6.0501,254200,NEAR BAY
-122.28,37.91,38,2501,348,805,329,6.5576,358500,NEAR BAY
-122.13,37.67,42,3592,703,1625,665,3.2434,179900,NEAR BAY
-122.25,37.8,29,2468,864,1335,773,1.3929,193800,NEAR BAY
-119.85,36.8,14,4177,914,2300,867,2.9565,73000,INLAND
-122.3,37.89,36,1077,293,518,276,3.0208,206300,NEAR BAY
-122.07,37.58,16,1606,240,1117,268,6.0661,247000,NEAR BAY
-121.86,39.75,18,1651,309,856,293,3.5046,118300,INLAND
-119.74,36.78,27,4049,947,2254,882,2.2467,70700,INLAND
-122.04,37.94,24,5732,873,2444,888,5.6292,231400,NEAR BAY
-122.17,37.77,30,3326,746,1704,703,2.875,135300,NEAR BAY
-119.46,36.91,12,2980,495,1184,429,3.9141,123900,INLAND
-122.27,37.85,47,1375,307,843,319,1.3785,142300,NEAR BAY
-121.72,37.7,17,1671,352,729,252,6.1023,450000,INLAND
-119.8,36.65,34,2263,423,1184,407,1.7692,74200,INLAND
-122.14,37.84,24,2131,343,874,373,5.6349,355600,NEAR BAY
-122.16,39.78,32,1288,221,562,203,2.325,69600,INLAND
-122.25,37.86,52,4048,663,1316,590,5.3794,376900,NEAR BAY
-120.57,38.35,17,1504,358,661,250,2.2604,84800,INLAND
-122.23,37.76,52,3037,516,1242,518,5.2128,289900,NEAR BAY
-122.24,37.8,52,1591,373,1118,347,2.1563,128600,NEAR BAY
-122.29,37.97,20,3426,632,1512,580,4.4911,227400,NEAR BAY
-121.87,39.75,22,1707,296,822,297,3.6625,126600,INLAND
-122.27,37.85,52,1228,293,648,303,2.1202,155500,NEAR BAY
-119.72,36.81,15,2175,564,1194,482,2.6767,87500,INLAND
-121.81,39.71,18,1222,250,708,281,2.0288,116700,INLAND
-122.06,37.63,23,1939,356,841,364,3.3611,169200,NEAR BAY
-120.1,36.16,17,598,160,715,146,2.3295,55000,INLAND
-122.17,37.72,42,3008,659,1817,664,3.371,165000,NEAR BAY
-120.0,38.93,17,8005,1382,999,383,3.9722,313400,INLAND
-119.69,36.73,30,2437,349,1005,380,7.2211,171700,INLAND
-122.16,37.7,36,1719,303,836,311,4.4375,193500,NEAR BAY
-122.07,37.94,36,2639,488,1111,476,3.5057,205100,NEAR BAY
-122.11,37.89,32,2372,516,1067,492,4.3235,279500,NEAR BAY
-121.99,37.77,14,8213,1364,3283,1286,5.1755,294800,<1H OCEAN
-119.78,36.75,43,2070,512,1925,444,1.4635,46600,INLAND
-119.73,36.77,24,4410,939,2362,862,2.9406,73000,INLAND
-122.02,37.94,19,3192,612,1317,594,4.125,267100,NEAR BAY
-119.86,36.45,19,2439,462,1416,469,2.4474,75600,INLAND
-122.28,37.86,52,3007,691,1582,636,2.5652,157700,NEAR BAY
-120.19,36.6,25,875,214,931,214,1.5536,58300,INLAND
-122.1,37.63,29,2172,435,1377,408,3.7895,180900,NEAR BAY
-120.27,38.31,13,3297,662,267,97,3.075,108300,INLAND
-119.92,38.91,15,3831,625,984,328,5.0718,162500,INLAND
-122.12,37.71,35,1037,207,552,210,4.0,167900,NEAR BAY
-120.58,38.77,15,2155,394,857,356,4.03,141200,INLAND
-121.76,37.69,29,3433,711,1919,709,3.3841,184400,INLAND
-119.82,36.81,25,3305,551,1149,500,5.0698,150900,INLAND
-122.18,37.73,42,909,215,646,198,2.9063,80000,NEAR BAY
-122.08,37.58,15,2576,418,1657,410,5.5218,254400,NEAR BAY
-122.26,38.0,5,6265,908,3326,872,6.2073,272900,NEAR BAY
-121.93,37.89,13,2085,292,852,264,7.3445,366700,INLAND
-121.94,37.93,16,3421,427,1341,428,7.5695,320400,INLAND
-119.76,36.75,41,1576,417,1567,366,1.2545,45500,INLAND
-119.77,36.83,16,2360,355,1034,359,5.0635,108500,INLAND
-119.56,36.71,37,1609,374,1173,344,2.181,59900,INLAND
-119.75,36.83,15,2793,436,1411,441,4.9292,109400,INLAND
-121.57,39.48,15,202,54,145,40,0.8252,42500,INLAND
-122.09,37.68,41,1382,353,704,314,3.5114,197500,NEAR BAY
-122.36,37.96,30,950,317,1073,280,1.8664,107800,NEAR BAY
-119.87,36.78,4,6102,1114,3406,1115,3.4213,84500,INLAND
-122.08,37.67,29,493,168,233,152,0.9637,160000,NEAR BAY
-122.22,37.86,21,7099,1106,2401,1138,8.3014,358500,NEAR BAY
-122.08,37.68,26,1167,370,253,137,2.4196,275000,NEAR BAY
-122.08,37.68,15,3051,685,1479,668,3.5295,242200,NEAR BAY
-122.25,37.85,52,919,213,413,193,4.0368,269700,NEAR BAY
-122.21,38.02,15,2150,327,1094,324,6.0224,198500,NEAR BAY
-122.3,37.97,34,2854,528,1211,452,3.5353,164700,NEAR BAY
-122.15,37.7,36,1468,252,733,229,3.4583,192600,NEAR BAY
-122.18,37.7,36,2639,533,1209,519,4.0268,205500,NEAR BAY
-121.98,37.97,26,2738,428,1316,430,5.2442,213200,INLAND
-121.88,38.0,22,721,117,367,129,5.3098,151900,INLAND
-120.02,38.76,15,3142,618,725,285,4.3333,121400,INLAND
-122.19,37.78,52,1070,193,555,190,3.7262,166900,NEAR BAY
-122.06,37.64,33,1160,252,729,220,3.8259,146100,NEAR BAY
-119.81,36.78,37,1965,364,796,335,3.625,83400,INLAND
-122.1,37.68,31,1892,428,1162,389,3.125,167100,NEAR BAY
-122.04,37.95,29,866,138,341,133,4.7188,197100,NEAR BAY
-122.01,39.21,52,1989,392,985,396,2.5556,75800,INLAND
-122.27,37.84,52,2224,437,1006,422,2.6,132600,NEAR BAY
-120.01,38.91,17,2732,609,1005,499,1.9851,86700,INLAND
-121.96,37.53,18,2375,652,1252,586,2.6198,235900,<1H OCEAN
-122.24,37.76,52,2504,516,979,472,3.4762,244000,NEAR BAY
-122.28,37.78,50,1487,306,730,327,2.5139,219000,NEAR BAY
-119.81,36.72,46,1414,268,902,243,1.5833,56700,INLAND
-122.1,38.02,28,4308,824,2086,776,3.6523,159700,NEAR BAY
-122.18,37.76,50,1187,261,907,246,1.9479,89500,NEAR BAY
-121.69,37.95,15,1850,441,1348,403,3.8125,125400,INLAND
-122.23,37.82,52,1611,203,556,179,8.7477,500001,NEAR BAY
-122.22,37.8,52,2721,541,1185,515,4.5428,239800,NEAR BAY
-121.74,39.38,27,2596,435,1100,409,2.3243,85500,INLAND
-121.8,37.99,16,3077,465,1575,446,5.5,179500,INLAND
-122.27,37.84,48,1922,409,1026,335,1.7969,110400,NEAR BAY
-122.14,37.73,43,2264,390,931,368,3.8125,235100,NEAR BAY
-124.17,41.8,16,2739,480,1259,436,3.7557,109400,NEAR OCEAN
-121.79,39.73,8,5690,1189,2887,1077,3.0625,116300,INLAND
-119.73,36.72,26,2645,1005,1660,991,0.6991,89500,INLAND
-121.84,39.73,52,502,100,311,100,1.5481,200000,INLAND
-119.71,36.88,17,2236,315,992,312,6.9405,165200,INLAND
-122.21,37.8,50,2833,605,1260,552,2.8929,216700,NEAR BAY
-122.08,37.62,17,2485,518,1139,550,2.6875,157300,NEAR BAY
-122.26,37.78,52,970,217,528,208,3.3438,201300,NEAR BAY
-122.05,37.93,5,4274,1153,1503,881,4.0473,266500,NEAR BAY
-121.79,37.67,26,2163,339,947,346,6.0797,211000,INLAND
-119.94,38.96,20,1451,386,467,255,1.5536,212500,INLAND
-122.04,37.99,32,1504,279,749,267,3.2,134500,NEAR BAY
-119.84,36.81,18,2789,378,937,364,7.7062,188300,INLAND
-122.21,37.8,48,1321,263,506,252,4.0977,229700,NEAR BAY
-122.29,37.89,52,2248,422,870,377,3.4732,246200,NEAR BAY
-121.02,38.66,4,7392,1155,3096,1065,4.5246,198900,INLAND
-121.58,39.79,19,2636,523,1184,465,2.7863,108600,INLAND
-122.12,37.82,26,2269,317,918,313,6.6657,364500,NEAR BAY
-122.08,37.58,16,3349,544,2003,488,6.0074,236500,NEAR BAY
-122.04,39.22,27,1446,295,670,281,3.2625,92800,INLAND
-122.26,37.77,52,1565,315,637,297,4.7778,351800,NEAR BAY
-121.52,39.43,15,2119,389,1079,374,2.3566,80400,INLAND
-121.82,38.01,25,3018,606,1614,568,3.4722,127000,INLAND
-122.27,37.85,40,751,184,409,166,1.3578,147500,NEAR BAY
-122.09,37.97,5,5303,779,2017,727,6.9961,294100,NEAR BAY
-121.78,37.69,35,2853,588,1761,572,4.3533,168400,INLAND
-119.98,36.74,26,1453,251,896,260,3.4861,112500,INLAND
-122.21,37.77,46,1234,375,1183,354,2.3309,98700,NEAR BAY
-122.12,37.85,18,5252,686,1870,657,8.0074,454100,NEAR BAY
-119.96,38.93,22,2731,632,1215,483,2.83,110500,INLAND
-122.22,37.85,28,5287,1048,2031,956,5.457,337300,NEAR BAY
-122.01,37.97,34,3259,498,1250,478,5.3794,206200,NEAR BAY
-119.76,36.75,35,2347,526,1676,481,1.6548,49400,INLAND
-122.35,37.94,34,1880,459,1358,422,1.6571,105200,NEAR BAY
-122.27,37.82,21,896,453,735,438,0.9218,171900,NEAR BAY
-121.83,39.73,52,1741,401,753,377,2.0064,77900,INLAND
-122.03,37.62,35,2072,352,1001,350,4.7109,198700,NEAR BAY
-122.28,37.88,52,957,188,403,172,3.2344,245500,NEAR BAY
-122.29,37.82,49,135,29,86,23,6.1183,75000,NEAR BAY
-119.81,36.74,36,607,155,483,146,1.5625,47500,INLAND
-122.29,37.87,52,895,198,386,204,3.875,182600,NEAR BAY
-122.18,37.77,52,2744,547,1479,554,2.2768,96200,NEAR BAY
-122.03,37.59,16,4371,889,2530,817,4.6786,256000,NEAR BAY
-120.66,38.4,18,2144,420,985,381,3.175,118500,INLAND
-122.08,37.84,17,1320,159,1722,141,11.7064,500001,NEAR BAY
-122.27,37.85,52,1974,426,875,363,1.5817,153600,NEAR BAY
-121.99,37.96,16,3324,479,1470,461,7.6166,260400,INLAND
-122.19,37.8,52,1813,271,637,277,4.0114,263400,NEAR BAY
-122.3,37.98,25,3807,806,1821,792,3.6518,164300,NEAR BAY
-122.05,38.0,16,1085,217,356,232,2.3462,75000,NEAR BAY
-121.58,39.76,19,2487,485,1110,453,3.1061,110200,INLAND
-119.71,36.76,28,2675,527,1392,521,2.3108,72000,INLAND
-121.98,37.97,26,2714,390,1232,409,5.9617,231100,INLAND
-122.06,37.6,17,5159,832,3174,817,5.8704,234400,NEAR BAY
-119.12,36.69,13,3963,812,1905,671,2.2278,90500,INLAND
-122.13,39.74,20,1401,280,668,250,2.2569,94300,INLAND
-122.19,37.77,41,2036,510,1412,454,2.0469,89300,NEAR BAY
-122.04,37.5,17,407,97,307,100,3.1696,156300,NEAR BAY
-119.74,36.73,42,1236,272,946,261,2.0536,50000,INLAND
-122.19,37.84,18,1617,210,533,194,11.6017,392600,NEAR BAY
-122.14,37.77,27,2229,365,1297,355,4.8304,279100,NEAR BAY
-121.63,39.82,11,3974,727,1610,634,2.6147,107700,INLAND
-119.74,36.71,17,5872,1250,5034,1224,2.1905,61800,INLAND
-122.02,37.99,37,2247,416,1237,397,4.45,161900,NEAR BAY
-122.03,37.54,16,4458,856,3038,870,5.0739,208000,NEAR BAY
-122.25,37.89,37,3000,457,987,450,7.5385,350000,NEAR BAY
-121.7,37.98,9,3079,519,1562,512,5.1041,172900,INLAND
-122.07,37.64,25,4524,860,2426,862,4.7083,190900,NEAR BAY
-122.2,37.89,37,3881,560,1315,517,7.3195,367500,NEAR BAY
-122.26,37.89,52,3706,531,1205,504,6.6828,370900,NEAR BAY
-121.93,37.53,27,5532,973,2855,960,4.7478,243500,<1H OCEAN
-120.16,39.01,16,1463,264,54,26,4.975,206300,INLAND
-122.18,37.71,45,726,147,519,135,3.375,157500,NEAR BAY
-120.67,36.72,18,819,198,996,198,2.5,112500,INLAND
-122.09,37.68,29,2333,538,1120,540,2.4042,205600,NEAR BAY
-121.99,37.54,26,2332,371,1285,404,5.388,225000,<1H OCEAN
-122.05,37.96,35,2190,384,1154,401,3.8456,159800,NEAR BAY
-121.97,37.57,21,4342,783,2172,789,4.6146,247600,<1H OCEAN
-119.77,36.79,34,2679,460,1141,470,3.2642,89600,INLAND
-122.04,37.85,27,6039,780,2181,761,9.5862,469400,NEAR BAY
-122.1,37.68,37,1352,342,691,324,3.4032,196900,NEAR BAY
-121.61,39.52,24,1610,324,909,323,1.8661,59800,INLAND
-119.89,36.64,34,1422,237,716,222,2.975,90000,INLAND
-119.83,36.77,32,2867,615,1705,570,2.4286,68100,INLAND
-122.13,37.67,40,1748,318,914,317,3.8676,184000,NEAR BAY
-122.27,37.8,52,249,78,396,85,1.2434,500001,NEAR BAY
-122.23,38.06,52,1350,266,490,257,3.125,171100,NEAR BAY
-119.8,36.68,31,2214,432,1326,416,2.1691,66700,INLAND
-119.81,36.78,36,1650,313,660,298,3.0,79700,INLAND
-119.32,36.62,15,1070,256,1070,243,1.5642,51500,INLAND
-122.19,37.83,29,1791,271,661,269,6.8538,368900,NEAR BAY
-119.98,38.93,25,1262,293,534,226,2.6607,90400,INLAND
-122.13,37.7,43,3046,557,1333,544,3.4583,183700,NEAR BAY
-122.23,37.84,47,3175,454,1098,485,5.2868,347600,NEAR BAY
-119.83,36.77,23,2168,503,1190,425,2.625,71600,INLAND
-119.72,36.82,15,946,239,550,246,2.2639,52500,INLAND
-119.71,36.8,25,875,156,646,166,3.0,72800,INLAND
-122.25,37.8,52,2087,510,1197,488,3.0149,218400,NEAR BAY
-121.86,39.74,13,3494,843,1571,784,1.1019,120200,INLAND
-122.02,37.6,32,1295,295,1097,328,3.2386,149600,NEAR BAY
-122.2,37.84,35,2865,460,1072,443,7.4882,319300,NEAR BAY
-122.19,37.76,26,1293,297,984,303,1.9479,85800,NEAR BAY
-119.55,36.7,31,1671,372,1371,347,2.3687,63900,INLAND
-119.72,36.73,9,1914,491,1116,424,1.4646,65900,INLAND
-122.04,37.66,23,2419,348,1066,384,6.3501,350000,NEAR BAY
-119.69,36.79,5,2613,476,1490,481,4.0993,83000,INLAND
-119.82,36.82,28,2268,336,752,330,5.2809,151500,INLAND
-121.79,37.99,10,4156,609,1878,586,5.6506,178600,INLAND
-121.83,37.99,16,2919,462,1456,453,5.6779,164700,INLAND
-122.21,38.06,52,2735,559,1076,487,3.6154,155700,NEAR BAY
-122.01,37.97,32,3012,527,1288,512,3.6449,211500,NEAR BAY
-122.34,37.93,30,2515,481,1327,428,2.1287,95000,NEAR BAY
-121.95,37.94,27,1469,216,578,219,5.9346,253600,INLAND
-120.84,38.73,17,2616,492,1158,457,2.8807,142600,INLAND
-122.11,37.7,23,1689,461,828,443,2.1552,161400,NEAR BAY
-122.14,37.75,33,1334,200,579,202,6.8323,255900,NEAR BAY
-122.33,37.95,42,1627,336,848,316,3.7708,144600,NEAR BAY
-122.16,37.77,48,977,194,446,180,4.7708,156300,NEAR BAY
-122.2,37.78,52,2300,443,1225,423,3.5398,158400,NEAR BAY
-121.71,37.99,27,3861,718,2085,707,3.3558,129700,INLAND
-122.18,37.78,33,142,31,575,47,3.875,225000,NEAR BAY
-122.35,37.96,35,1326,346,1023,295,2.0724,97700,NEAR BAY
-119.57,36.7,34,1759,354,899,337,2.6823,72900,INLAND
-124.14,41.95,21,2696,578,1208,494,2.275,122400,NEAR OCEAN
-122.21,37.8,39,2003,500,1109,464,3.0682,156500,NEAR BAY
-122.13,37.71,44,1421,298,609,270,3.5781,180000,NEAR BAY
-121.84,39.68,38,549,105,275,94,3.5375,153100,INLAND
-121.73,37.71,12,5608,1049,2595,1067,3.9864,200200,INLAND
-122.19,37.78,52,2198,397,984,369,3.22,156500,NEAR BAY
-122.02,37.6,36,1633,345,1382,338,3.694,159600,NEAR BAY
-119.63,36.79,19,1317,189,517,187,4.526,148700,INLAND
-122.26,37.85,52,2491,474,1098,468,3.075,213500,NEAR BAY
-120.5,38.87,10,81,41,55,16,4.9583,87500,INLAND
-122.02,37.63,6,2445,590,1189,573,3.8958,301100,NEAR BAY
-122.19,37.82,32,1835,264,635,263,8.317,365900,NEAR BAY
-119.78,36.75,49,1175,307,982,278,1.2937,52000,INLAND
-122.26,37.77,52,1848,479,921,477,2.875,234000,NEAR BAY
-122.2,37.81,45,2964,436,1067,426,6.7851,323500,NEAR BAY
-122.25,37.81,46,3232,835,1373,747,3.225,218800,NEAR BAY
-120.02,36.8,25,1270,255,1050,245,2.1618,55300,INLAND
-122.09,37.71,35,2663,387,1086,367,5.1498,266400,NEAR BAY
-122.13,38.01,48,2123,494,859,474,1.8523,144800,NEAR BAY
-122.08,37.71,38,1663,295,781,301,5.0519,227000,NEAR BAY
-122.1,37.88,35,3701,528,1511,517,7.2315,367100,NEAR BAY
-121.6,39.75,19,2888,591,984,499,1.9766,92600,INLAND
-122.25,37.81,39,854,242,389,228,3.125,237500,NEAR BAY
-121.6,39.76,22,2447,556,1157,556,1.8245,85500,INLAND
-121.99,37.55,28,2414,415,1106,453,4.8403,268600,<1H OCEAN
-121.79,37.69,25,6296,1082,3200,1047,4.5357,188400,INLAND
-119.71,36.81,19,1648,368,557,354,1.7969,72800,INLAND
-122.15,37.74,49,1325,277,764,282,3.3125,118000,NEAR BAY
-121.82,39.72,42,2978,694,1879,679,1.5064,66300,INLAND
-120.05,36.72,24,1961,422,1559,374,1.8299,57800,INLAND
-122.27,37.89,52,2640,366,973,355,7.266,371100,NEAR BAY
-119.84,36.54,19,1310,241,702,217,2.4375,78200,INLAND
-121.85,39.73,17,3425,827,2469,758,0.9393,88900,INLAND
-122.22,37.79,49,1826,450,1201,424,2.5,136700,NEAR BAY
-122.05,38.0,36,2476,472,1213,393,3.7333,136400,NEAR BAY
-122.24,37.84,52,3529,574,1177,555,5.1773,389500,NEAR BAY
-121.8,38.01,46,2273,495,1088,447,2.2532,109400,INLAND
-122.23,37.81,52,2814,365,878,352,7.508,348700,NEAR BAY
-121.98,37.95,16,2984,406,1317,397,6.7821,265900,INLAND
-122.17,37.7,24,1755,365,952,362,4.0,202600,NEAR BAY
-119.84,36.84,12,2396,290,863,258,8.7716,229200,INLAND
-122.0,37.99,28,4035,641,1881,659,5.4607,192300,INLAND
-121.51,39.97,22,1468,285,611,235,2.3036,73000,INLAND
-121.7,39.36,46,1210,243,523,242,1.91,63900,INLAND
-122.32,37.96,25,1728,403,934,412,3.375,133700,NEAR BAY
-122.23,37.79,30,610,145,425,140,1.6198,122700,NEAR BAY
-119.55,36.61,14,3004,793,3535,735,1.586,56900,INLAND
-122.31,37.93,36,2403,408,917,404,5.0399,253400,NEAR BAY
-120.38,36.75,25,1689,495,1745,457,1.9056,60000,INLAND
-122.06,37.96,10,7136,1691,2959,1507,3.9816,182000,NEAR BAY
-121.77,37.68,36,1687,372,950,372,3.5532,158400,INLAND
-121.52,39.48,21,2628,494,1364,468,2.0455,59400,INLAND
-120.76,38.73,17,512,129,314,140,1.5625,108300,INLAND
-122.07,37.89,38,2139,343,809,340,5.5636,268800,NEAR BAY
-122.18,37.81,37,1643,262,620,266,5.4446,336700,NEAR BAY
-122.26,37.87,52,2773,998,1721,949,1.1859,241700,NEAR BAY
-121.39,39.61,22,2828,610,986,391,2.8871,94700,INLAND
-121.96,37.81,12,6488,778,2404,765,8.3188,403400,<1H OCEAN
-122.28,37.86,52,938,195,393,189,3.8594,196400,NEAR BAY
-122.29,37.88,52,1650,395,841,380,3.556,179300,NEAR BAY
-119.55,36.72,6,1186,234,1135,218,2.1515,63900,INLAND
-121.99,37.96,17,2756,423,1228,426,5.5872,200600,INLAND
-122.29,37.86,50,2485,607,1354,563,1.9483,150500,NEAR BAY
-122.11,37.64,8,3592,849,1907,746,3.6708,197900,NEAR BAY
-122.23,38.05,52,1736,358,638,297,2.5517,147100,NEAR BAY
-122.36,38.03,32,2159,393,981,369,4.3173,175400,NEAR BAY
-122.14,37.68,35,2976,518,1424,538,4.267,210300,NEAR BAY
-119.69,36.77,22,2456,496,1720,417,2.6875,60600,INLAND
-122.23,37.79,40,930,199,564,184,1.3281,113300,NEAR BAY
-122.05,37.55,23,4247,835,2357,823,5.1321,211300,NEAR BAY
-122.25,37.89,42,2863,460,1031,448,6.7138,368600,NEAR BAY
-119.81,36.76,52,1792,352,1049,357,2.4375,57100,INLAND
-122.35,37.97,31,2892,685,2104,641,3.2188,113800,NEAR BAY
-122.04,37.99,36,2765,495,1478,441,4.125,136200,NEAR BAY
-119.85,36.76,10,2067,450,845,354,1.8214,80100,INLAND
-120.76,38.6,14,2925,625,1226,437,2.5865,133800,INLAND
-122.07,37.71,40,1808,302,746,270,5.3015,254900,NEAR BAY
-121.94,37.71,15,6473,1027,2484,970,5.0143,271100,<1H OCEAN
-121.93,37.78,2,227,35,114,49,3.1591,434700,<1H OCEAN
-122.15,37.72,31,1616,372,739,379,2.9097,210900,NEAR BAY
-122.28,37.77,52,1468,363,870,347,2.9688,220800,NEAR BAY
-122.18,37.79,41,1411,233,626,214,7.0875,240700,NEAR BAY
-121.81,38.01,52,1124,245,528,226,2.2639,128500,INLAND
-120.93,38.5,15,1248,234,529,216,3.3393,107200,INLAND
-119.75,36.74,39,1740,351,1098,347,1.8958,51300,INLAND
-119.79,36.79,26,1700,423,909,386,2.256,64500,INLAND
-120.86,38.75,15,1533,300,674,287,2.5625,146100,INLAND
-122.08,37.65,35,1813,393,1093,374,3.6818,165400,NEAR BAY
-122.24,37.77,52,1153,235,481,223,2.6411,241000,NEAR BAY
-122.11,37.99,10,2864,514,1300,507,4.3875,287700,NEAR BAY
-119.77,36.86,7,4139,544,1843,562,8.2737,193500,INLAND
-120.46,38.15,16,4221,781,1516,697,2.3816,116000,INLAND
-121.84,39.72,52,1457,389,802,342,0.9566,69000,INLAND
-121.56,39.51,47,1064,245,603,190,1.3654,57900,INLAND
-122.12,38.01,50,1300,263,691,239,3.9519,126500,NEAR BAY
-122.3,37.97,30,4030,772,1777,718,3.6393,184000,NEAR BAY
-122.2,37.8,41,2070,354,804,340,5.1184,239600,NEAR BAY
-119.83,36.54,31,1732,332,979,294,2.5208,60000,INLAND
-122.18,37.68,5,2087,407,840,401,5.4858,187800,NEAR BAY
-122.1,37.64,28,1784,311,735,278,4.6635,206700,NEAR BAY
-121.94,37.53,33,2095,342,941,304,5.761,259600,<1H OCEAN
-119.71,36.83,15,2727,500,1228,436,3.5078,109000,INLAND
-122.29,37.81,20,835,161,290,133,2.483,137500,NEAR BAY
-122.22,37.78,44,1678,514,1700,495,2.0801,131900,NEAR BAY
-122.09,37.63,36,1570,274,992,249,5.3644,168800,NEAR BAY
-122.13,37.68,43,1676,340,924,328,3.6,179400,NEAR BAY
-122.03,37.54,6,2918,672,1911,639,4.1406,178200,NEAR BAY
-119.98,38.93,28,1194,272,494,203,2.3281,85800,INLAND
-122.35,37.95,45,2142,431,1318,431,3.0737,111600,NEAR BAY
-120.55,38.43,18,1564,357,618,277,2.3549,108900,INLAND
-122.08,37.63,33,691,127,431,149,4.25,192600,NEAR BAY
-119.76,36.81,19,4643,1429,4638,1335,1.2716,69400,INLAND
-122.27,37.87,35,3218,1108,1675,1000,1.7464,216700,NEAR BAY
-122.1,37.72,30,2599,366,922,350,5.8382,330200,NEAR BAY
-122.32,37.97,33,1595,292,991,300,4.6937,134100,NEAR BAY
-122.01,37.59,2,838,295,240,149,2.875,237500,NEAR BAY
-122.18,37.79,39,617,95,236,106,5.2578,253000,NEAR BAY
-121.91,37.81,7,3477,416,1216,395,13.1499,500001,INLAND
-121.94,37.54,27,3715,526,1631,538,6.2179,305300,<1H OCEAN
-120.97,38.91,7,4341,716,1978,682,4.8311,172200,INLAND
-121.86,37.7,13,9621,1344,4389,1391,6.6827,313700,INLAND
-122.29,37.82,2,158,43,94,57,2.5625,60000,NEAR BAY
-121.87,37.57,13,5519,833,2444,825,7.0691,393200,<1H OCEAN
-119.77,36.75,44,1818,412,1680,418,1.7083,48300,INLAND
-121.78,37.66,25,1947,418,900,354,3.8523,193000,INLAND
-119.77,36.74,20,1855,519,1091,443,1.5547,93900,INLAND
-119.78,36.75,31,1404,379,1515,387,1.2813,56400,INLAND
-121.96,37.95,7,3418,740,1583,676,3.6133,196100,INLAND
-120.44,38.61,9,2598,548,796,297,3.5192,98000,INLAND
-122.16,37.73,52,1114,206,425,207,2.5625,175000,NEAR BAY
-122.12,37.7,41,3495,787,1849,750,2.679,144900,NEAR BAY
-119.69,36.46,29,1702,301,914,280,2.8125,79200,INLAND
-122.23,37.8,52,1252,299,844,280,2.3929,111900,NEAR BAY
-120.87,38.83,12,2180,423,1070,377,2.8562,128200,INLAND
-122.34,37.94,47,2313,433,947,430,3.942,143300,NEAR BAY
-122.17,37.73,46,2163,470,925,435,3.25,177500,NEAR BAY
-122.26,37.84,52,950,202,467,198,3.9643,188800,NEAR BAY
-122.09,37.66,40,1340,313,766,271,3.4722,135400,NEAR BAY
-119.71,36.79,34,1891,323,966,355,3.6681,82000,INLAND
-119.85,36.77,9,1142,314,620,283,2.0446,81300,INLAND
-121.97,37.95,8,4253,709,1883,662,5.431,246700,INLAND
-121.85,38.0,26,3364,570,1806,566,4.2647,133400,INLAND
-119.68,36.81,13,2589,413,1356,435,5.0253,106200,INLAND
-122.19,37.77,45,1852,393,1132,349,2.7159,101400,NEAR BAY
-122.05,37.94,22,2105,354,993,365,4.6602,227800,NEAR BAY
-121.93,37.93,16,2876,391,1089,377,6.299,286900,INLAND
-122.26,37.85,52,2202,434,910,402,3.2031,281500,NEAR BAY
-121.6,37.91,13,2479,394,1075,350,5.1017,241400,INLAND
-119.77,36.76,43,1945,413,1492,422,1.5174,54600,INLAND
-122.15,37.76,39,1823,286,763,270,6.0749,196900,NEAR BAY
-122.08,37.62,27,1826,309,1016,313,5.64,206500,NEAR BAY
-122.3,37.87,52,3123,749,1695,684,2.2208,144800,NEAR BAY
-122.14,37.73,38,1723,394,711,353,3.0673,218400,NEAR BAY
-122.2,37.83,26,1589,223,542,211,8.401,351200,NEAR BAY
-119.31,36.62,25,831,230,947,244,1.4481,51700,INLAND
-122.23,37.76,52,1705,246,658,253,5.75,306300,NEAR BAY
-119.95,38.95,22,1058,352,851,269,2.02,87500,INLAND
-119.76,36.73,46,1347,282,854,267,1.8723,52600,INLAND
-121.92,37.74,8,452,51,140,43,12.5915,432400,<1H OCEAN
-122.17,37.74,46,769,183,693,178,2.25,84200,NEAR BAY
-122.19,37.71,36,361,69,158,58,5.5461,262500,NEAR BAY
-122.3,37.86,50,499,127,287,128,2.75,140600,NEAR BAY
-120.0,38.92,26,529,116,191,83,3.5,103600,INLAND
-119.99,36.8,45,1270,242,598,214,3.2813,105400,INLAND
-119.78,36.8,34,3426,623,1938,647,2.8994,66000,INLAND
-119.79,36.82,23,4358,819,1852,802,3.4167,105200,INLAND
-120.67,37.97,9,7450,1475,2233,930,2.6528,133000,INLAND
-122.27,37.87,49,1350,368,707,350,2.8846,211300,NEAR BAY
-121.66,39.66,17,3502,655,1763,613,2.9625,101200,INLAND
-119.72,36.75,11,4832,993,2190,888,2.6611,74700,INLAND
-121.63,39.76,22,2598,482,1151,490,2.8182,109700,INLAND
-119.69,36.83,8,943,189,475,155,4.9327,89500,INLAND
-122.21,37.79,35,1745,409,1143,386,2.875,143800,NEAR BAY
-122.29,37.91,38,2591,424,905,378,5.1691,263200,NEAR BAY
-124.16,41.92,19,1668,324,841,283,2.1336,75000,NEAR OCEAN
-119.75,36.75,49,2331,460,1290,477,2.5111,55400,INLAND
-122.15,37.74,49,1494,316,611,288,2.2,187500,NEAR BAY
-122.06,37.6,18,1726,276,1186,310,5.3226,231700,NEAR BAY
-122.09,37.67,39,2069,500,1408,478,3.1115,153500,NEAR BAY
-122.19,37.75,28,856,189,435,162,0.8012,81800,NEAR BAY
-122.34,37.97,19,2237,580,1438,551,2.3382,120700,NEAR BAY
-121.71,39.42,21,1432,284,862,275,2.2813,57600,INLAND
-122.07,37.92,26,3872,739,1629,684,4.4312,225000,NEAR BAY
-122.26,37.83,52,1665,419,946,395,2.0978,155400,NEAR BAY
-122.19,37.74,36,847,212,567,159,1.1765,87100,NEAR BAY
-119.86,36.43,34,1175,251,683,261,1.7176,58400,INLAND
-120.37,36.16,36,613,124,310,124,3.0658,65000,INLAND
-121.9,38.02,12,1497,360,943,341,2.1417,122200,INLAND
-119.52,36.71,21,1834,321,1120,314,2.59,69300,INLAND
-122.34,37.94,31,1611,455,786,411,1.681,145500,NEAR BAY
-121.91,37.68,18,3631,547,1700,520,5.817,257300,<1H OCEAN
-122.24,37.81,52,2093,550,918,483,2.7477,243800,NEAR BAY
-121.88,38.02,46,2112,466,1249,382,2.5737,87000,INLAND
-119.76,36.68,29,1243,312,836,277,1.8355,74200,INLAND
-119.82,36.77,41,1441,274,646,296,3.0568,71300,INLAND
-122.06,37.88,34,4781,703,1879,714,6.5378,340900,NEAR BAY
-120.25,36.65,31,1177,221,744,223,2.4937,66000,INLAND
-121.99,37.58,31,2878,478,1276,485,6.2073,282500,<1H OCEAN
-121.8,38.01,37,3058,567,1351,523,3.5179,130800,INLAND
-121.85,37.66,14,4236,701,1833,663,5.6399,300600,INLAND
-119.8,36.75,46,2625,593,1368,551,1.5273,59000,INLAND
-121.91,37.93,13,1610,198,703,217,8.7059,329400,INLAND
-121.55,39.48,41,461,107,284,90,2.2045,41800,INLAND
-122.24,37.85,52,3726,474,1366,496,9.3959,500001,NEAR BAY
-120.25,38.55,15,4403,891,1103,433,3.0125,111700,INLAND
-122.09,37.7,33,4413,1107,2239,1051,2.9861,208200,NEAR BAY
-121.94,37.73,22,1980,291,861,290,6.2726,258200,<1H OCEAN
-121.98,37.54,17,5133,1375,3386,1339,3.1326,220800,<1H OCEAN
-119.83,36.78,35,1789,357,933,357,2.5223,66200,INLAND
-122.12,38.01,42,2225,367,864,381,4.1189,172400,NEAR BAY
-121.44,39.5,26,1652,325,790,292,3.0446,90800,INLAND
-119.55,36.6,18,2379,448,1638,436,2.309,57100,INLAND
-119.81,36.83,10,5780,922,2712,883,5.6445,135500,INLAND
-119.99,38.88,17,2807,529,675,251,2.7457,107800,INLAND
-122.3,37.81,48,1455,354,788,332,0.8056,84400,NEAR BAY
-121.91,37.69,18,2876,423,1395,427,6.3132,259200,<1H OCEAN
-122.12,37.64,40,432,102,264,77,3.8875,228100,NEAR BAY
-122.05,37.95,20,563,107,246,123,5.4482,190800,NEAR BAY
-120.98,38.68,5,4810,909,2242,900,3.2964,176900,INLAND
-121.93,37.7,3,2456,582,793,456,4.4087,225600,<1H OCEAN
-120.07,36.74,19,2627,502,1295,441,3.087,88200,INLAND
-122.26,37.83,52,1656,420,718,382,2.6768,182300,NEAR BAY
-122.17,37.76,33,1280,307,999,286,2.5625,89300,NEAR BAY
-119.78,36.86,8,3468,675,1604,626,4.2071,128300,INLAND
-122.29,37.81,49,844,204,560,152,1.75,75000,NEAR BAY
-122.03,37.56,24,8444,1492,4446,1491,4.6978,240300,NEAR BAY
-122.33,37.95,46,1543,339,777,322,4.0927,142600,NEAR BAY
-122.23,37.78,44,2340,825,2813,751,1.6009,118100,NEAR BAY
-122.05,37.87,30,2296,329,847,322,6.7192,397500,NEAR BAY
-122.23,37.79,48,1696,396,1481,343,2.0375,122500,NEAR BAY
-122.27,37.77,23,5679,1270,2690,1151,4.7695,291700,NEAR BAY
-119.77,36.85,8,1519,234,711,248,5.9897,123600,INLAND
-122.15,37.74,43,1383,275,853,272,3.5083,122000,NEAR BAY
-119.7,36.82,25,2379,540,1482,484,2.3173,68200,INLAND
-119.52,36.61,33,1225,275,1065,248,1.8958,55100,INLAND
-120.41,36.77,24,1335,312,1180,267,1.947,68900,INLAND
-121.59,39.82,12,1958,369,875,354,2.3507,97600,INLAND
-122.12,37.68,37,2412,394,975,375,4.0417,191100,NEAR BAY
-119.8,36.72,19,1334,336,1171,319,1.0481,48500,INLAND
-121.99,37.92,14,1780,224,764,226,9.0243,427700,INLAND
-119.43,36.63,25,1784,312,904,303,3.625,107600,INLAND
-122.3,37.77,42,2038,368,2037,355,2.6447,200000,NEAR BAY
-121.85,39.74,41,2901,689,1426,632,1.5633,84500,INLAND
-122.12,37.81,26,4048,513,1486,498,7.6717,416500,NEAR BAY
-121.81,38.0,37,2724,579,1400,540,2.905,97300,INLAND
-120.04,36.74,14,3182,730,2298,721,1.6168,71800,INLAND
-122.1,37.61,35,2361,458,1727,467,4.5281,173600,NEAR BAY
-121.85,38.0,24,2269,584,1239,542,2.0411,100000,INLAND
-121.58,39.5,29,1947,383,925,337,2.1658,57600,INLAND
-122.03,37.94,21,5541,776,2214,737,5.5777,279300,NEAR BAY
-122.24,37.8,47,2046,588,1213,554,2.6292,182700,NEAR BAY
-123.91,41.68,22,1880,360,743,314,2.9688,152700,<1H OCEAN
-122.17,37.78,52,653,128,296,121,4.175,144000,NEAR BAY
-122.25,38.03,15,3338,532,1834,520,5.6293,197600,NEAR BAY
-122.25,37.83,52,4190,1105,1786,1037,3.0897,234100,NEAR BAY
-121.88,38.0,16,2605,440,1352,408,4.1947,140300,INLAND
-122.29,37.92,36,1450,235,568,234,6.0,311400,NEAR BAY
-119.68,36.63,39,1237,256,638,239,3.0139,65300,INLAND
-122.19,37.79,50,968,195,462,184,2.9844,179900,NEAR BAY
-122.23,37.79,43,5963,1344,4367,1231,2.1917,112800,NEAR BAY
-122.35,37.94,45,2112,493,1406,452,2.3456,105200,NEAR BAY
-119.44,36.6,34,864,184,579,171,2.0417,72500,INLAND
-119.21,37.25,44,3042,697,335,115,4.1838,85600,INLAND
-119.24,36.8,17,2052,405,975,340,2.6902,94400,INLAND
-122.24,37.8,52,1586,398,1006,335,2.1348,140600,NEAR BAY
-122.07,37.65,31,3300,790,2181,740,3.016,161800,NEAR BAY
-122.3,37.97,35,1811,377,911,340,3.375,149700,NEAR BAY
-122.08,37.64,36,1340,245,789,248,3.8,172000,NEAR BAY
-119.85,36.77,27,1510,344,847,295,2.9315,83200,INLAND
-122.27,37.87,52,3084,698,1424,694,2.7372,210200,NEAR BAY
-119.75,36.87,3,13802,2244,5226,1972,5.0941,143700,INLAND
-119.7,36.81,32,2623,528,1570,492,2.7159,68000,INLAND
-122.26,37.88,52,2363,604,1558,573,2.944,338900,NEAR BAY
-120.45,36.85,20,1519,376,1681,370,2.1759,58100,INLAND
-122.06,37.7,33,3906,790,1912,770,3.5187,209400,NEAR BAY
-122.32,37.99,24,4865,968,2315,893,4.2852,173500,NEAR BAY
-121.79,38.0,36,1141,234,562,213,2.5893,108500,INLAND
-121.56,39.69,8,2836,522,1163,512,3.13,168300,INLAND
-122.18,37.76,43,2018,408,1111,367,1.8913,91200,NEAR BAY
-122.26,38.0,14,2338,391,1003,398,4.2269,170500,NEAR BAY
-122.34,37.94,44,1917,444,936,435,2.7391,140300,NEAR BAY
-122.27,37.89,52,1978,293,723,272,5.3989,335600,NEAR BAY
-119.54,36.51,36,49,7,28,2,4.625,162500,INLAND
-122.19,37.76,38,1493,370,1144,351,0.7683,81800,NEAR BAY
-122.16,37.69,36,1118,219,625,228,3.7813,192200,NEAR BAY
-121.65,38.03,28,3144,694,1095,482,3.4402,192400,INLAND
-124.3,41.84,17,2677,531,1244,456,3.0313,103600,NEAR OCEAN
-122.0,37.98,32,1013,169,436,173,5.1118,226900,INLAND
-121.9,38.03,51,2982,689,1831,608,2.0034,87700,INLAND
-121.99,37.81,17,465,83,146,75,4.9018,188500,<1H OCEAN
-121.84,37.66,13,13182,2074,4847,1950,5.6417,352900,INLAND
-122.08,37.64,23,1897,440,1109,418,3.142,179500,NEAR BAY
-119.81,36.78,52,2281,371,839,367,3.5972,89900,INLAND
-122.23,37.8,52,783,184,488,186,1.9375,126600,NEAR BAY
-122.36,37.94,41,2591,585,1638,462,1.822,79700,NEAR BAY
-122.28,37.89,52,1225,169,412,168,5.7912,327100,NEAR BAY
-119.76,36.8,29,3494,662,1781,616,2.5893,70900,INLAND
-122.29,37.89,52,3171,698,1498,696,3.1795,218200,NEAR BAY
-121.52,39.5,33,1462,241,569,231,3.2833,82600,INLAND
-122.17,37.76,41,1594,367,1074,355,1.9356,90600,NEAR BAY
-119.78,36.78,37,2185,455,1143,438,1.9784,70700,INLAND
-121.8,39.75,11,7212,1355,3264,1264,3.1125,122600,INLAND
-122.11,37.87,33,3398,500,1351,457,6.5814,314200,NEAR BAY
-122.23,37.76,52,3011,542,1303,535,5.1039,273800,NEAR BAY
-122.08,39.25,52,224,38,120,45,3.017,112500,INLAND
-122.27,37.81,10,875,348,546,330,0.76,162500,NEAR BAY
-121.97,37.79,17,5688,824,2111,773,6.6131,312500,<1H OCEAN
-124.22,41.73,28,3003,699,1530,653,1.7038,78300,NEAR OCEAN
-119.81,36.6,24,2246,462,1291,394,2.4006,76400,INLAND
-120.55,36.97,42,1766,344,1084,323,2.3295,74400,INLAND
-121.47,39.49,17,1554,242,553,230,3.2174,91800,INLAND
-122.08,37.63,37,1793,364,1534,346,3.6458,156600,NEAR BAY
-121.96,37.54,14,5106,1207,2738,1108,3.9909,236000,<1H OCEAN
-119.71,36.74,18,8099,1670,4476,1514,2.4728,88300,INLAND
-119.64,36.56,34,576,117,363,97,2.0658,92500,INLAND
-119.8,36.83,17,1560,261,709,258,4.3315,95800,INLAND
-122.28,38.0,26,2335,413,980,417,3.4471,178900,NEAR BAY
-122.26,37.81,34,5871,1914,2689,1789,2.8406,335700,NEAR BAY
-121.62,39.76,14,2063,559,934,529,1.7788,85800,INLAND
-120.72,38.24,32,2685,543,1061,492,2.5473,101600,INLAND
-122.02,37.58,15,3052,760,2097,728,3.3617,178100,NEAR BAY
-120.87,38.71,13,2692,470,1302,420,4.0,167400,INLAND
-120.79,38.54,34,1133,254,495,187,2.05,68900,INLAND
-122.06,37.63,12,6711,1374,3388,1289,3.8625,208900,NEAR BAY
-121.89,37.67,19,2034,288,852,295,6.5285,300400,INLAND
-119.81,36.77,48,1805,329,741,331,2.5804,78900,INLAND
-119.53,36.55,34,2065,343,1041,313,3.2917,111500,INLAND
-122.14,37.7,17,1463,292,695,330,4.5859,187200,NEAR BAY
-121.59,39.77,24,1535,276,664,273,2.3068,97300,INLAND
-122.17,37.76,47,2118,413,965,382,2.1842,107900,NEAR BAY
-122.34,37.96,15,6487,1717,3408,1560,2.1991,133300,NEAR BAY
-121.55,39.44,31,1434,283,811,289,1.7727,49000,INLAND
-122.26,37.9,52,1927,279,705,288,7.8864,357300,NEAR BAY
-122.0,37.54,29,4133,744,2023,749,5.1616,275100,<1H OCEAN
-122.08,37.69,43,1575,324,740,284,2.8512,181000,NEAR BAY
-121.58,39.76,18,1676,332,733,318,1.7875,103800,INLAND
-122.08,37.95,33,1043,157,425,148,4.8702,235600,NEAR BAY
-122.08,37.9,29,4133,770,1691,744,5.1097,288000,NEAR BAY
-122.2,37.96,9,6306,962,2581,911,6.7741,310700,NEAR BAY
-122.13,37.75,36,768,93,229,93,5.3602,330000,NEAR BAY
-122.04,37.55,23,3170,532,1446,515,4.4357,291700,NEAR BAY
-122.2,37.79,29,1640,376,939,340,2.8321,150000,NEAR BAY
-122.2,37.88,36,1065,160,398,155,7.7736,378100,NEAR BAY
-120.21,36.77,20,1745,348,1093,302,2.3194,90600,INLAND
-122.04,37.96,28,1207,252,724,252,3.6964,165700,NEAR BAY
-119.25,36.71,13,2813,579,1385,512,2.2202,100000,INLAND
-122.06,37.99,16,2445,469,721,474,2.8043,87500,NEAR BAY
-122.12,37.75,33,1809,261,808,219,6.86,250000,NEAR BAY
-119.94,38.95,25,1789,536,1134,396,2.32,91300,INLAND
-122.29,37.91,40,2085,329,796,339,5.5357,273700,NEAR BAY
-122.29,37.87,44,2539,755,1382,713,2.537,175000,NEAR BAY
-122.25,37.77,43,4329,1110,2086,1053,2.975,243400,NEAR BAY
-119.89,36.7,32,1485,269,867,271,2.5809,78300,INLAND
-122.08,37.87,26,2405,564,680,531,2.4896,73400,NEAR BAY
-119.83,36.8,16,6101,1200,3407,1134,3.125,80800,INLAND
-122.13,37.89,27,744,214,295,169,2.7411,350000,NEAR BAY
-119.82,36.78,36,1582,313,761,318,2.6055,69200,INLAND
-122.14,37.71,27,3094,866,1364,789,2.6101,181700,NEAR BAY
-121.91,37.71,25,4377,668,2038,671,5.7233,231800,<1H OCEAN
-122.36,37.93,42,1796,389,1107,372,1.9375,87000,NEAR BAY
-119.8,36.8,43,1951,288,725,308,6.3359,169300,INLAND
-122.32,37.94,38,2751,522,1390,489,3.7277,165100,NEAR BAY
-122.03,37.55,22,9167,1373,4319,1404,6.992,284800,NEAR BAY
-121.68,39.82,15,3996,748,1786,728,3.5189,141300,INLAND
-122.3,37.9,41,2053,435,873,415,3.4091,223000,NEAR BAY
-121.77,37.68,41,1501,299,629,288,4.6806,209400,INLAND
-122.26,37.88,52,2255,410,823,377,5.7979,415300,NEAR BAY
-119.79,36.76,52,1185,260,635,239,1.175,56100,INLAND
-122.03,37.61,37,1383,259,808,241,4.0125,161400,NEAR BAY
-122.01,37.98,25,1476,336,777,297,3.5179,165500,NEAR BAY
-122.34,37.94,42,2206,451,989,444,3.125,143900,NEAR BAY
-119.79,36.55,32,1393,276,999,245,2.0216,76800,INLAND
-121.98,37.81,18,2903,387,1127,372,5.5921,359100,<1H OCEAN
-119.67,36.57,32,1604,292,868,276,2.1908,110000,INLAND
-120.84,38.77,11,1013,188,410,158,4.825,184600,INLAND
-121.87,37.67,10,4337,800,1813,743,5.5,247200,INLAND
-121.96,37.96,28,1838,273,899,270,5.2145,229200,INLAND
-122.28,37.8,52,215,87,904,88,0.8668,137500,NEAR BAY
-120.59,38.76,21,1728,417,731,334,1.7266,94700,INLAND
-119.68,36.62,31,834,229,616,211,1.6602,61200,INLAND
-122.17,37.75,47,998,211,597,185,3.1587,100400,NEAR BAY
-121.54,39.5,38,1438,310,779,275,1.3289,39400,INLAND
-121.94,37.83,11,2836,373,959,335,10.5815,500001,INLAND
-119.95,38.95,8,430,107,36,18,2.625,187500,INLAND
-121.75,39.88,16,2867,559,1203,449,2.7143,95300,INLAND
-122.13,37.69,17,2380,769,1216,643,3.395,271300,NEAR BAY
-120.36,36.13,29,1938,434,1306,415,3.0134,55500,INLAND
-122.28,37.9,52,2261,328,819,335,4.9083,346800,NEAR BAY
-122.17,37.72,43,3783,814,2139,789,4.0202,166300,NEAR BAY
-119.79,36.79,19,1524,448,960,386,1.5122,47500,INLAND
-122.24,37.8,52,1803,420,1321,401,2.957,122800,NEAR BAY
-120.72,38.94,10,1604,352,540,190,3.7625,113200,INLAND
-122.02,37.96,25,2615,368,935,366,6.6727,305100,NEAR BAY
-122.24,37.79,43,1626,376,1284,357,2.2542,112200,NEAR BAY
-122.27,37.83,51,2665,574,1258,536,2.7303,109700,NEAR BAY
-122.27,38.04,47,1685,405,835,372,2.3103,134500,NEAR BAY
-119.73,36.8,15,2376,538,1197,510,3.1417,74600,INLAND
-119.81,36.77,49,1749,314,705,300,3.15,72200,INLAND
-122.18,37.8,23,2317,336,955,328,6.7527,285800,NEAR BAY
-119.72,36.81,28,1651,305,780,309,2.9453,72200,INLAND
-122.24,37.85,52,2612,365,901,367,7.2354,391100,NEAR BAY
-122.28,37.81,17,924,289,609,289,1.5,162500,NEAR BAY
-122.29,37.85,52,477,119,218,106,2.5682,120000,NEAR BAY
-119.61,36.58,29,1312,280,788,271,2.6974,73000,INLAND
-122.18,37.73,42,4074,874,2736,780,2.455,82400,NEAR BAY
-120.63,38.75,17,3145,621,1432,559,2.7201,117500,INLAND
-120.55,38.31,18,1411,312,592,230,1.625,94700,INLAND
-121.98,37.53,28,2829,566,1610,540,4.6,223200,<1H OCEAN
-122.37,37.93,45,3150,756,1798,749,1.75,37900,NEAR BAY
-119.76,36.8,20,6257,1346,2795,1267,2.2094,83700,INLAND
-120.62,38.39,15,3750,691,1444,603,2.7399,134800,INLAND
-122.36,37.93,17,1258,254,885,229,3.05,121600,NEAR BAY
-122.31,38.01,18,4123,874,1895,772,3.2759,195000,NEAR BAY
-122.25,37.77,52,2156,458,872,445,3.2685,254200,NEAR BAY
-122.3,37.84,14,7355,2408,3100,2051,4.0018,143800,NEAR BAY
-119.98,38.92,27,2682,606,1010,399,3.15,86900,INLAND
-119.86,36.78,7,2232,490,1274,499,2.9853,74700,INLAND
-122.08,37.65,17,5018,1439,3069,1299,2.7694,161900,NEAR BAY
-121.76,37.68,35,1864,357,1189,349,4.2361,177500,INLAND
-122.08,37.6,10,3046,678,2056,628,3.9022,191700,NEAR BAY
-122.08,37.72,31,3866,531,1368,521,6.187,340400,NEAR BAY
-119.82,36.77,36,2252,468,1117,442,2.9081,65600,INLAND
-120.81,38.73,42,1276,260,799,259,2.7273,128600,INLAND
-122.2,37.79,35,1802,459,1009,390,2.3036,126000,NEAR BAY
-122.23,37.88,41,880,129,322,126,8.3252,452600,NEAR BAY
-119.73,36.59,31,1551,296,1058,287,3.3438,92600,INLAND
-121.9,38.0,14,2677,368,1288,375,6.0497,177500,INLAND
-122.11,37.69,42,1472,310,768,309,3.4643,160900,NEAR BAY
-121.82,38.01,50,1120,281,625,239,1.5988,96400,INLAND
-122.3,37.91,40,2866,617,1305,589,3.6321,209100,NEAR BAY
-119.83,36.76,15,3291,772,1738,634,1.976,67300,INLAND
-122.07,37.96,37,1217,199,552,194,5.0445,196200,NEAR BAY
-119.81,36.81,33,3972,594,1324,561,5.4513,143300,INLAND
-121.92,37.96,14,5332,884,2093,839,5.2798,237400,INLAND
-120.1,36.21,12,1462,356,1708,367,1.5086,64700,INLAND
-120.84,38.81,11,1280,286,609,248,3.1635,132600,INLAND
-119.73,36.56,32,1513,272,1038,272,3.0469,82700,INLAND
-120.79,38.83,15,1374,291,709,239,1.7222,118500,INLAND
-121.94,38.02,29,5765,1170,3266,1131,2.7907,113900,INLAND
-119.8,36.75,41,1659,466,1391,447,1.3527,61200,INLAND
-119.77,36.77,38,3065,658,1441,625,2.0564,64700,INLAND
-119.85,36.75,24,1143,245,608,240,2.8194,81100,INLAND
-122.04,37.53,25,4458,922,2998,890,3.9667,218500,NEAR BAY
-121.87,39.82,11,5103,825,2456,810,4.5032,159700,INLAND
-121.47,39.51,19,3720,636,1304,607,2.6921,97500,INLAND
-122.34,37.95,39,1986,427,1041,385,3.2333,135100,NEAR BAY
-122.33,38.0,35,3779,711,2493,679,2.9781,109000,NEAR BAY
-121.93,37.72,26,2806,459,1453,444,4.9107,213800,<1H OCEAN
-122.28,37.84,52,2153,481,1168,441,1.9615,115200,NEAR BAY
-122.05,37.94,22,4162,1194,1804,1185,2.5459,179300,NEAR BAY
-121.99,37.56,20,6462,1294,3288,1235,4.3393,231200,<1H OCEAN
-122.23,37.85,52,2800,411,1061,403,6.3434,373600,NEAR BAY
-119.85,36.83,11,2497,427,1101,405,4.8036,141600,INLAND
-121.55,39.45,18,2278,523,1185,475,1.3611,60600,INLAND
-122.27,37.83,48,1798,432,987,374,1.0972,104500,NEAR BAY
-124.17,41.76,20,2673,538,1282,514,2.4605,105900,NEAR OCEAN
-121.24,39.65,35,632,148,221,102,2.3684,62500,INLAND
-119.67,36.83,3,2029,336,1003,340,4.4356,111300,INLAND
-120.51,36.86,21,1779,399,1446,371,2.4414,71900,INLAND
-119.8,36.73,45,925,231,797,228,1.7011,44800,INLAND
-122.05,37.95,27,3513,791,1875,694,3.1838,182000,NEAR BAY
-122.29,37.76,18,2873,763,1243,663,5.1702,265400,NEAR BAY
-122.0,37.98,31,2030,337,867,341,5.0915,193200,INLAND
-121.52,39.49,30,1217,238,677,233,2.6563,63600,INLAND
-121.96,37.53,28,2949,529,1538,545,4.9615,228000,<1H OCEAN
-122.27,37.77,52,2388,559,1121,518,3.3269,234500,NEAR BAY
-120.67,38.19,17,2967,611,1387,564,2.0417,92600,INLAND
-119.77,36.76,43,1623,294,781,272,1.869,56000,INLAND
-119.73,36.75,39,1745,321,901,303,3.1719,67900,INLAND
-122.13,37.71,44,1613,339,776,346,3.1103,188900,NEAR BAY
-121.76,37.68,32,1078,207,555,197,3.1856,186900,INLAND
-121.94,37.75,17,2559,370,1238,377,6.2781,269800,<1H OCEAN
-122.21,37.78,52,1477,300,1065,269,1.8472,137000,NEAR BAY
-121.88,37.67,16,4070,624,1543,577,6.5214,311500,INLAND
-120.34,38.25,17,5497,1056,997,408,2.9821,111500,INLAND
-122.19,37.73,45,1528,291,801,287,1.2625,84700,NEAR BAY
-122.04,37.96,20,1143,346,578,298,2.2411,151800,NEAR BAY
-122.07,38.0,37,978,202,462,184,3.625,156300,NEAR BAY
-121.94,37.94,26,1299,174,533,180,6.2296,291700,INLAND
-120.99,38.67,8,4913,744,2005,723,5.4413,187900,INLAND
-119.99,38.94,24,1216,289,421,185,3.1625,103600,INLAND
-119.63,36.76,22,4126,614,1795,613,4.925,154700,INLAND
-119.74,36.74,39,4893,1210,4749,1067,1.2065,55600,INLAND
-121.92,37.48,23,4314,676,1972,623,5.3813,264400,<1H OCEAN
-121.81,39.7,21,5051,1054,2948,980,1.5863,81300,INLAND
-122.12,37.75,28,794,111,329,109,7.6923,329800,NEAR BAY
-122.27,37.9,52,2079,273,684,275,7.9556,374400,NEAR BAY
-121.91,37.69,23,2179,308,926,299,5.9345,259600,<1H OCEAN
-122.11,37.88,37,4005,614,1602,606,6.4666,348200,NEAR BAY
-122.27,37.84,52,1503,298,690,275,2.6033,162900,NEAR BAY
-121.92,38.03,16,2176,464,1410,434,3.5436,100200,INLAND
-122.07,37.93,45,1544,244,614,238,5.0255,226000,NEAR BAY
-122.09,37.7,31,2053,336,867,329,4.3375,241800,NEAR BAY
-122.28,37.87,46,1777,446,805,431,2.8676,212000,NEAR BAY
-121.76,37.68,52,2157,418,929,419,3.7301,204400,INLAND
-121.92,37.49,10,7441,1588,3571,1466,5.1643,193100,<1H OCEAN
-122.09,37.95,32,1339,209,601,209,6.0265,247900,NEAR BAY
-120.0,36.7,33,1902,370,1168,358,2.6852,70800,INLAND
-120.79,38.43,40,1391,246,546,214,3.9107,129800,INLAND
-122.13,37.87,18,1820,220,728,229,10.3713,426100,NEAR BAY
-121.54,39.6,15,886,204,576,205,2.1467,84100,INLAND
-120.22,36.49,14,1508,347,1679,345,2.4786,56000,INLAND
-122.28,37.82,52,1238,288,622,259,1.5057,87500,NEAR BAY
-122.31,37.92,43,2116,407,900,361,4.1587,212200,NEAR BAY
-122.09,37.98,14,5381,871,2296,872,5.6875,211000,NEAR BAY
-122.24,37.85,52,1467,190,496,177,7.2574,352100,NEAR BAY
-121.93,37.73,23,2564,347,1043,351,6.2048,275000,<1H OCEAN
-119.85,36.78,8,3096,684,1454,545,2.7857,79700,INLAND
-122.18,37.9,36,4760,610,1511,572,9.0064,500001,NEAR BAY
-122.04,37.96,16,2913,723,1705,693,2.9097,106300,NEAR BAY
-121.55,39.51,39,1551,353,684,310,2.0357,57600,INLAND
-119.76,36.83,17,3690,628,1888,601,4.0196,84200,INLAND
-121.93,37.74,16,3326,419,1272,402,6.8806,343500,<1H OCEAN
-122.03,37.86,29,3025,477,1035,452,6.112,390600,NEAR BAY
-122.21,37.76,52,1420,314,1085,300,1.7546,80600,NEAR BAY
-122.25,37.79,52,1339,391,1086,363,2.181,138800,NEAR BAY
-122.29,37.98,27,2133,347,850,350,5.1046,209800,NEAR BAY
-122.07,37.64,22,5861,1516,5436,1463,2.5158,134900,NEAR BAY
-122.28,37.87,46,3022,696,1293,675,2.543,220700,NEAR BAY
-121.82,38.01,47,1265,254,587,247,2.6364,93500,INLAND
-122.27,37.86,52,2307,583,1127,548,1.8447,198200,NEAR BAY
-119.69,36.82,17,1897,433,1207,384,1.8021,55900,INLAND
-120.65,38.28,21,3095,681,1341,546,2.1382,104000,INLAND
-121.92,38.02,16,1840,355,1288,338,4.2067,125000,INLAND
-119.86,36.82,12,1488,253,675,223,4.7622,89300,INLAND
-120.69,36.84,18,902,195,771,174,2.2083,55000,INLAND
-122.21,37.79,47,1543,307,859,292,2.9583,138800,NEAR BAY
-121.88,38.03,52,1225,250,725,231,2.0,101400,INLAND
-119.79,36.74,35,853,296,1228,289,1.0513,39600,INLAND
-122.24,37.73,21,7031,1249,2930,1235,4.5213,228400,NEAR BAY
-119.77,36.73,45,1081,241,821,230,1.7829,52600,INLAND
-122.02,37.95,25,1205,260,608,272,2.4519,208300,NEAR BAY
-122.29,37.9,52,2657,500,1131,489,4.4286,234900,NEAR BAY
-122.0,37.55,27,6103,1249,3026,1134,4.1591,332400,<1H OCEAN
-122.26,37.84,52,696,191,345,174,2.6736,191300,NEAR BAY
-121.96,37.51,22,5811,1125,3215,1086,4.4107,223500,<1H OCEAN
-121.77,37.74,25,494,81,254,85,9.1531,418800,INLAND
-120.88,38.32,18,2791,492,1187,438,3.2589,103000,INLAND
-119.49,36.58,21,2106,410,867,380,1.9913,95300,INLAND
-121.9,38.0,14,1930,363,990,322,4.1094,162200,INLAND
-122.07,37.58,16,1644,251,1033,267,6.5116,244300,NEAR BAY
-122.24,37.79,27,1632,492,1171,429,2.3173,125000,NEAR BAY
-122.28,37.85,52,2246,472,1005,449,2.4167,152700,NEAR BAY
-119.81,36.78,35,1012,245,633,240,2.0324,55500,INLAND
-121.86,39.78,12,7653,1578,3628,1494,3.0905,117800,INLAND
-122.11,37.71,36,4569,824,1950,819,4.65,206800,NEAR BAY
-122.2,37.8,52,1547,293,706,268,4.7721,217100,NEAR BAY
-122.04,37.89,33,2423,322,998,346,7.5349,349100,NEAR BAY
-122.33,37.94,44,1769,332,828,309,4.0526,150800,NEAR BAY
-122.32,37.93,40,1141,213,434,196,3.9464,186900,NEAR BAY
-122.07,37.69,31,5914,1309,2999,1295,3.0964,190500,NEAR BAY
-122.22,37.81,52,2024,339,756,340,4.072,270100,NEAR BAY
-122.27,37.9,52,2041,270,671,253,6.9414,417500,NEAR BAY
-122.35,37.96,29,1899,524,1357,443,1.875,97200,NEAR BAY
-122.24,37.76,52,2646,581,1128,522,3.0718,266700,NEAR BAY
-122.23,37.79,30,999,264,1011,263,1.8854,137500,NEAR BAY
-122.15,37.73,28,2215,587,830,573,2.1898,141700,NEAR BAY
-122.08,37.97,9,2643,439,1105,467,6.6579,245200,NEAR BAY
-122.15,37.73,52,1028,129,317,143,4.9135,275000,NEAR BAY
-120.0,38.92,17,1106,207,466,180,3.3295,126600,INLAND
-120.95,38.69,10,3421,563,1689,545,5.2032,217100,INLAND
-122.18,37.88,36,542,119,231,121,4.9,354200,NEAR BAY
-121.88,38.01,9,5329,1284,2827,1202,2.7374,150000,INLAND
-120.35,36.16,18,1519,296,846,272,2.7792,85300,INLAND
-122.25,37.84,52,3104,687,1157,647,3.12,241400,NEAR BAY
-122.01,37.95,8,3866,539,1555,513,6.0901,298200,NEAR BAY
-119.71,36.82,12,2144,568,1320,566,2.3381,112500,INLAND
-122.2,38.04,31,3029,500,1236,487,5.6022,197000,NEAR BAY
-120.84,38.63,12,1313,231,731,232,5.7373,208300,INLAND
-122.18,37.76,49,2308,452,1299,451,1.8407,96700,NEAR BAY
-119.46,36.6,18,1404,226,754,229,3.9844,118100,INLAND
-120.88,38.45,25,1374,297,657,288,2.5476,97900,INLAND
-119.73,36.72,15,2246,456,1190,403,2.0294,70400,INLAND
-119.54,36.7,20,1815,375,1665,357,2.2448,58900,INLAND
-122.08,37.88,24,2059,462,410,294,2.3971,99400,NEAR BAY
-122.22,37.88,20,95,13,31,15,2.4444,475000,NEAR BAY
-119.5,36.62,34,1440,267,1018,265,2.2206,63400,INLAND
-122.41,37.94,52,154,33,89,38,3.2875,275000,NEAR BAY
-120.34,38.23,10,3757,722,546,223,3.75,121400,INLAND
-122.08,37.63,31,767,171,548,185,3.7614,176000,NEAR BAY
-122.14,37.9,32,5738,746,2099,732,10.3224,500001,NEAR BAY
-120.72,38.57,8,892,185,427,164,2.6833,118800,INLAND
-122.21,37.77,52,745,153,473,149,2.6765,88800,NEAR BAY
-121.98,37.8,17,3354,422,1457,425,7.6473,345800,<1H OCEAN
-121.84,39.76,14,2351,620,1215,548,2.3155,102300,INLAND
-122.04,37.62,35,657,118,328,134,3.8125,204200,NEAR BAY
-122.03,37.61,33,1518,302,831,268,5.097,188600,NEAR BAY
-122.0,37.95,9,2214,256,848,239,6.8145,339200,INLAND
-122.17,37.69,24,2262,391,1125,366,4.7609,212600,NEAR BAY
-119.7,36.75,11,3626,779,1819,731,2.4956,87500,INLAND
-122.23,37.84,50,2515,399,970,373,5.8596,327600,NEAR BAY
-119.81,36.85,17,2340,370,1174,396,4.2304,94400,INLAND
-122.21,37.77,52,591,173,353,137,4.0904,80600,NEAR BAY
-121.94,38.03,27,1654,478,1141,420,1.4871,87100,INLAND
-122.26,37.81,29,335,107,202,91,2.0062,125000,NEAR BAY
-122.14,37.75,36,690,105,299,109,4.0313,195500,NEAR BAY
-122.14,37.71,18,3905,1007,2197,1044,3.6932,166800,NEAR BAY
-121.77,38.01,13,2983,534,1417,510,3.9861,168100,INLAND
-121.77,37.99,4,5623,780,2429,716,5.4409,205100,INLAND
-121.72,37.98,5,7105,1143,3523,1088,5.0468,168800,INLAND
-119.68,36.83,11,2455,344,1110,339,6.1133,120000,INLAND
-119.76,36.78,30,6117,1330,2768,1224,2.1383,78800,INLAND
-119.76,36.79,26,3654,837,1976,830,2.1544,72800,INLAND
-122.34,37.95,38,1340,298,766,241,3.2833,111700,NEAR BAY
-122.28,37.85,52,610,145,281,132,2.9018,119400,NEAR BAY
-122.33,37.93,27,2158,424,1220,442,3.0156,111500,NEAR BAY
-122.16,37.75,44,617,131,378,135,2.5568,111100,NEAR BAY
-119.68,36.77,21,1260,182,583,205,6.0132,150800,INLAND
-122.12,37.7,17,2488,617,1287,538,2.9922,179900,NEAR BAY
-119.69,36.79,13,1736,313,993,314,3.7697,83600,INLAND
-119.79,36.73,52,112,28,193,40,1.975,47500,INLAND
-122.27,37.78,45,1169,263,723,286,3.9444,212900,NEAR BAY
-122.18,37.74,42,541,154,380,123,2.3456,83500,NEAR BAY
-121.87,38.0,17,2713,442,1475,415,4.8542,144100,INLAND
-122.11,38.01,39,1313,306,575,231,3.1711,116100,NEAR BAY
-119.63,36.7,42,1338,215,617,222,3.0833,133300,INLAND
-122.05,37.63,5,3785,936,2240,792,3.2829,162500,NEAR BAY
-119.63,36.64,33,1036,181,620,174,3.4107,110400,INLAND
-122.27,37.9,52,1803,240,572,236,6.174,358800,NEAR BAY
-122.27,37.83,49,1215,282,570,264,1.4861,97200,NEAR BAY
-122.28,37.99,28,3801,622,1654,571,4.375,193300,NEAR BAY
-122.02,37.98,40,1797,401,756,369,2.8456,165500,NEAR BAY
-122.35,37.98,34,3756,726,2237,686,3.7562,132900,NEAR BAY
-122.22,37.78,50,1776,473,1807,440,1.7276,102300,NEAR BAY
-121.58,39.83,16,4591,904,1904,812,2.2419,93200,INLAND
-122.16,37.79,22,12842,2048,4985,1967,5.9849,371000,NEAR BAY
-121.7,37.93,19,2005,405,972,403,2.2216,156700,INLAND
-122.28,37.82,52,1489,335,728,244,0.8172,85300,NEAR BAY
-119.75,36.73,39,2290,539,1685,536,1.6325,52100,INLAND
-121.9,38.02,5,1560,369,1037,372,3.6154,181800,INLAND
-122.09,38.0,6,10191,1882,4377,1789,5.2015,204200,NEAR BAY
-122.27,37.81,52,210,56,183,56,1.1667,112500,NEAR BAY
-122.33,37.98,32,1967,348,1144,364,4.4135,150100,NEAR BAY
-121.61,39.77,25,1612,313,837,303,2.963,89500,INLAND
-119.71,36.73,19,3972,585,1586,560,5.2608,151400,INLAND
-122.06,37.7,37,1893,310,821,315,4.6005,231600,NEAR BAY
-119.81,36.83,19,6789,1200,2325,1109,4.049,126000,INLAND
-122.01,37.98,29,2001,373,956,370,4.317,194000,NEAR BAY
-121.98,37.82,18,9117,1248,3280,1167,8.003,351300,<1H OCEAN
-122.29,37.78,42,1241,309,821,300,1.9427,102200,NEAR BAY
-119.81,36.73,47,1314,416,1155,326,1.372,49600,INLAND
-122.34,37.99,42,1531,326,1271,377,2.6167,85100,NEAR BAY
-122.32,37.94,47,1911,283,697,275,6.2712,267700,NEAR BAY
-122.28,37.85,48,2063,484,1054,466,2.2625,132900,NEAR BAY
-122.27,37.91,47,1930,315,692,296,6.3669,315500,NEAR BAY
-121.09,38.68,15,5218,711,1949,659,4.7083,213300,INLAND
-122.17,37.76,38,1764,397,987,354,2.4333,98200,NEAR BAY
-122.18,37.75,46,941,218,621,195,1.325,87100,NEAR BAY
-119.74,36.77,30,2427,482,1375,518,2.5737,76900,INLAND
-122.07,37.99,28,3310,574,1811,597,4.5401,166900,NEAR BAY
-119.73,36.52,20,1741,331,1466,289,2.5921,94200,INLAND
-121.97,37.53,35,2277,420,1353,413,4.75,197000,<1H OCEAN
-122.41,37.98,36,60,15,42,25,1.4583,67500,NEAR BAY
-122.35,37.96,36,2191,531,1563,524,2.5164,114200,NEAR BAY
-122.26,37.84,49,713,202,462,189,1.025,118800,NEAR BAY
-122.0,37.96,32,3364,666,1980,678,3.7,179000,INLAND
-121.9,37.67,7,9540,1294,3926,1229,7.4353,389800,<1H OCEAN
-121.89,38.01,28,3639,751,2362,641,3.0042,103900,INLAND
-119.79,36.78,41,2227,462,1129,415,2.319,59100,INLAND
-122.25,37.81,29,4656,1414,2304,1250,2.4912,257800,NEAR BAY
-121.75,37.68,35,1755,299,702,263,5.2443,183400,INLAND
-122.18,37.78,50,1642,322,713,284,3.2984,160700,NEAR BAY
-122.14,38.03,42,118,34,54,30,2.5795,225000,NEAR BAY
-119.56,36.51,37,1018,213,663,204,1.6635,67000,INLAND
-122.17,37.88,33,3626,502,1348,480,7.6107,423200,NEAR BAY
-119.67,36.8,9,3712,508,1632,474,6.011,163100,INLAND
-122.28,37.77,27,3997,1073,1901,966,3.75,242800,NEAR BAY
-119.41,36.68,18,1802,332,945,292,3.4044,115300,INLAND
-122.14,37.68,31,3184,716,1561,628,2.7955,183100,NEAR BAY
-119.87,36.83,4,4833,784,2088,789,5.1781,122500,INLAND
-122.27,37.97,10,15259,2275,7266,2338,6.0666,272400,NEAR BAY
-122.28,37.81,17,1237,462,762,439,0.9241,177500,NEAR BAY
-122.11,37.66,29,2544,643,2332,603,3.2091,150000,NEAR BAY
-122.17,37.71,38,890,200,481,198,3.244,179800,NEAR BAY
-119.59,36.64,27,823,171,798,200,3.0521,113800,INLAND
-119.69,36.79,15,2524,451,1207,424,2.7404,76300,INLAND
-121.55,39.5,26,3215,827,2041,737,1.0585,45100,INLAND
-119.8,36.76,52,2224,418,832,406,2.3952,78400,INLAND
-122.13,37.73,33,1996,268,686,270,6.9096,341800,NEAR BAY
-119.79,36.78,38,1912,456,1131,408,2.03,58800,INLAND
-122.17,39.31,35,2791,552,1395,476,2.5625,62700,INLAND
-122.26,37.98,28,2038,329,947,349,5.1178,198000,NEAR BAY
-122.26,37.89,52,3078,494,1005,462,6.381,342200,NEAR BAY
-122.25,37.86,52,1389,191,514,202,7.0897,446200,NEAR BAY
-121.83,37.99,23,1150,174,572,174,4.9167,152400,INLAND
-122.31,37.92,38,1250,236,631,279,3.724,220100,NEAR BAY
-122.32,37.95,37,1887,353,895,359,4.45,196600,NEAR BAY
-119.78,36.83,18,4164,741,1817,681,4.2153,95200,INLAND
-122.05,37.9,32,4498,862,1818,851,4.8088,321200,NEAR BAY
-122.13,37.69,34,1131,278,560,237,2.875,161700,NEAR BAY
-122.28,37.81,36,2914,562,1236,509,2.4464,102100,NEAR BAY
-120.98,38.67,13,3432,516,1286,470,5.584,186600,INLAND
-119.83,36.79,35,1872,363,1054,369,3.3272,65600,INLAND
-121.49,39.49,20,2505,468,1174,429,2.9965,88900,INLAND
-121.83,38.0,8,2572,738,1384,684,1.7161,75800,INLAND
-122.27,37.8,10,105,42,125,39,0.9722,137500,NEAR BAY
-122.25,38.05,30,1255,297,779,307,1.6767,147700,NEAR BAY
-122.14,37.73,51,2619,403,922,393,4.6042,251900,NEAR BAY
-122.05,37.97,16,60,10,65,19,6.1359,250000,NEAR BAY
-122.29,37.87,46,1267,324,792,321,2.525,165900,NEAR BAY
-119.61,36.59,10,2842,620,1443,576,2.2727,92700,INLAND
-122.09,39.13,28,4169,895,2587,810,2.331,65500,INLAND
-119.79,36.79,33,3433,785,1806,783,1.9386,67500,INLAND
-119.78,36.86,10,2902,363,1200,363,8.3608,187300,INLAND
-122.02,37.6,32,1295,280,1156,300,3.5,154300,NEAR BAY
-122.27,37.74,28,6909,1554,2974,1484,3.6875,353900,NEAR BAY
-122.29,37.88,48,2365,490,1034,475,3.1065,229200,NEAR BAY
-122.18,37.74,35,504,126,323,109,1.8438,90500,NEAR BAY
-119.59,36.72,18,1284,193,621,190,4.5375,130600,INLAND
-121.68,37.98,19,3388,599,1707,575,3.6411,162800,INLAND
-122.18,37.75,45,330,76,282,80,4.0469,80700,NEAR BAY
-122.16,37.86,36,3359,493,1298,483,8.1586,404300,NEAR BAY
-120.04,36.79,48,1341,239,671,208,2.7917,82800,INLAND
-119.63,36.6,33,1589,294,1102,307,1.9676,62400,INLAND
-119.75,36.76,29,2077,524,1887,489,1.4107,59800,INLAND
-119.55,36.71,32,1963,508,2052,518,1.9076,55800,INLAND
-122.01,37.56,24,2563,485,1174,501,3.8179,216100,NEAR BAY
-122.04,37.96,27,2587,729,1500,623,1.837,175000,NEAR BAY
-120.36,38.21,10,4300,845,1480,609,2.8208,139900,INLAND
-122.24,37.85,37,334,54,98,47,4.9643,335000,NEAR BAY
-119.55,36.52,31,1986,417,1042,422,3.0294,70200,INLAND
-121.64,37.85,22,1999,415,967,320,4.4583,253900,INLAND
-122.3,37.81,52,1010,209,604,187,1.1667,78400,NEAR BAY
-121.75,39.4,29,1687,327,864,334,2.4943,81900,INLAND
-121.88,37.64,20,1309,184,514,172,10.9506,475800,INLAND
-121.36,39.52,15,2490,527,1229,497,2.3917,85700,INLAND
-119.44,36.6,5,2353,608,2505,573,2.2863,69200,INLAND
-119.73,36.68,32,755,205,681,207,1.7986,49300,INLAND
-119.84,36.83,17,3012,408,987,362,7.4201,229700,INLAND
-121.98,37.96,12,5048,1122,2209,1014,3.1573,126700,INLAND
-122.36,37.92,52,215,41,126,43,1.3929,104200,NEAR BAY
-119.84,36.8,16,2849,506,1508,478,3.4074,72700,INLAND
-121.99,37.54,28,3046,507,1772,516,5.3283,227900,<1H OCEAN
-119.85,36.43,23,1824,354,1146,362,2.8913,60900,INLAND
-122.28,37.85,41,535,123,317,119,2.4038,107500,NEAR BAY
-122.19,37.76,45,995,238,630,237,1.925,74100,NEAR BAY
-122.27,37.77,52,2252,388,1033,434,5.5337,372000,NEAR BAY
-122.1,37.7,25,2973,622,1413,595,4.3819,209200,NEAR BAY
-119.77,36.78,36,3616,779,1994,786,2.5434,67300,INLAND
-119.79,36.8,27,2462,484,852,449,3.32,124700,INLAND
-121.78,39.71,8,140,28,84,29,2.125,179200,INLAND
-119.81,36.8,38,2252,325,777,314,6.1575,160100,INLAND
-119.75,36.76,32,2072,497,2002,470,1.3278,44500,INLAND
-122.25,37.86,52,1709,318,719,295,5.0463,456300,NEAR BAY
-121.97,37.96,28,1433,290,877,313,4.7891,184800,INLAND
-122.26,37.82,40,624,195,423,160,0.9506,187500,NEAR BAY
-119.76,36.76,23,3800,1003,3786,917,1.4766,50600,INLAND
-122.27,37.82,43,1868,456,1061,407,1.5045,93800,NEAR BAY
-119.85,36.81,15,1743,310,1011,325,3.755,68000,INLAND
-122.22,37.84,50,2935,473,1031,479,7.5,295200,NEAR BAY
-121.79,39.48,39,1105,180,408,166,3.3929,82100,INLAND
-122.09,37.65,35,1184,200,572,194,4.7143,193800,NEAR BAY
-121.6,39.79,18,2672,533,1151,532,2.567,102900,INLAND
-121.91,37.47,13,5377,744,2759,760,6.868,337300,<1H OCEAN
-120.95,38.79,12,3247,579,1459,517,4.3981,202800,INLAND
-122.37,37.95,32,1298,363,716,268,0.9797,76400,NEAR BAY
-121.97,37.64,32,1283,194,485,171,6.0574,431000,<1H OCEAN
-119.56,36.51,9,3860,809,2157,770,2.5033,70100,INLAND
-119.79,36.84,22,1529,375,1543,395,1.7926,51700,INLAND
-122.25,37.87,41,685,141,266,123,5.2289,384600,NEAR BAY
-122.11,38.01,41,1345,272,718,283,3.3831,129400,NEAR BAY
-120.46,36.87,20,1287,310,954,269,1.3386,63000,INLAND
-122.11,38.0,9,3424,583,1460,543,5.76,212600,NEAR BAY
-119.87,36.54,34,1370,287,818,269,2.4044,72500,INLAND
-122.26,37.8,36,5329,2477,3469,2323,2.0096,130000,NEAR BAY
-121.55,39.51,50,1050,288,485,260,1.1607,51700,INLAND
-119.71,36.77,11,5112,1384,2487,1243,2.1461,75900,INLAND
-121.76,37.67,6,3023,518,1225,468,6.3705,350000,INLAND
-122.25,37.81,52,1758,460,686,422,3.1691,259400,NEAR BAY
-122.25,37.8,36,1678,606,1645,543,2.2303,116700,NEAR BAY
-122.27,37.86,49,2052,435,924,414,2.5417,182700,NEAR BAY
-122.26,38.03,25,2239,361,928,353,4.4474,203700,NEAR BAY
-119.69,36.75,13,2343,409,1347,405,4.0027,93100,INLAND
-119.63,36.58,22,1794,435,1127,359,1.2647,55300,INLAND
-121.6,39.83,12,3744,699,1532,660,2.3079,95300,INLAND
-122.3,37.92,32,3943,605,1524,614,6.0677,321600,NEAR BAY
-122.3,37.88,52,409,97,208,98,1.6971,138800,NEAR BAY
-119.83,36.71,43,355,81,233,75,2.4167,73900,INLAND
-119.44,36.59,28,1343,330,1331,305,1.516,56700,INLAND
-120.55,38.07,27,1199,224,463,199,2.9063,92200,INLAND
-122.36,37.96,39,246,57,316,52,0.716,104200,NEAR BAY
-122.36,37.95,38,1066,248,729,286,1.5139,81700,NEAR BAY
-119.45,36.6,42,510,88,247,99,2.5,73000,INLAND
-122.04,37.57,12,5719,1064,3436,1057,5.2879,231200,NEAR BAY
-122.07,37.94,30,1260,276,707,221,2.892,220800,NEAR BAY
-122.26,37.8,20,2373,779,1659,676,1.6929,115000,NEAR BAY
-122.3,37.89,46,1520,402,815,375,2.8036,211600,NEAR BAY
-121.54,39.48,29,2896,596,1809,617,1.8047,53800,INLAND
-121.68,37.93,44,1014,225,704,238,1.6554,119400,INLAND
-122.09,37.68,41,1834,463,1105,467,2.8322,170300,NEAR BAY
-120.03,38.89,15,3042,588,918,336,3.8333,118800,INLAND
-119.8,36.71,29,1541,291,1007,313,2.0043,53500,INLAND
-122.26,38.04,41,2512,539,1179,480,2.694,123000,NEAR BAY
-120.96,38.66,11,2339,436,1062,380,3.9036,180800,INLAND
-122.12,38.0,20,6992,1404,3221,1334,4.2042,166400,NEAR BAY
-121.58,39.52,25,2409,490,1384,479,1.9956,58000,INLAND
-122.08,37.61,26,2261,443,1039,395,3.7931,203900,NEAR BAY
-121.99,37.83,16,2939,380,1177,396,8.0839,372000,<1H OCEAN
-122.21,37.78,43,1702,460,1227,407,1.7188,126800,NEAR BAY
-119.61,36.56,34,1911,497,1886,481,1.625,53000,INLAND
-122.04,37.58,14,14917,2708,8012,2606,5.6277,269800,NEAR BAY
-123.92,41.54,22,2920,636,1382,499,2.0202,71100,NEAR OCEAN
-122.29,37.81,50,760,190,377,122,0.9011,86100,NEAR BAY
-119.8,36.78,50,1818,374,737,338,2.2614,73000,INLAND
-122.29,37.88,50,1211,261,523,227,3.8672,216700,NEAR BAY
-121.94,37.73,22,6719,1068,2843,994,6.1265,260300,<1H OCEAN
-121.98,37.74,8,2865,389,1376,417,7.9393,399300,<1H OCEAN
-122.33,37.92,26,3887,779,2512,740,2.2301,122400,NEAR BAY
-122.11,37.66,35,2843,652,1726,643,3.09,174100,NEAR BAY
-121.01,38.73,7,6322,1046,2957,1024,4.7276,197500,INLAND
-122.24,37.75,27,4051,753,1499,797,4.8711,286600,NEAR BAY
-121.67,39.37,27,2599,502,1241,502,1.9943,86300,INLAND
-121.89,37.69,4,6159,1510,2649,1241,3.62,139300,<1H OCEAN
-121.88,37.67,25,2244,301,937,324,6.4524,296900,INLAND
-121.99,37.97,30,3320,589,1470,543,4.6071,184100,INLAND
-122.16,37.73,49,1699,408,768,385,2.8301,171600,NEAR BAY
-119.86,36.81,4,4530,1070,1804,837,3.3942,72100,INLAND
-122.2,37.76,37,2680,736,1925,667,1.4097,84600,NEAR BAY
-119.7,36.8,31,1746,321,1186,360,2.6932,66400,INLAND
-122.11,37.99,16,3913,710,1782,676,5.1297,206700,NEAR BAY
-122.26,37.83,52,1443,311,660,292,3.0125,184400,NEAR BAY
-119.85,36.82,15,1387,236,638,195,5.5842,88900,INLAND
-119.28,37.11,34,1901,394,171,73,3.0729,144600,INLAND
-122.08,37.66,33,1547,372,1063,356,2.5625,154300,NEAR BAY
-119.69,36.85,20,2655,432,1081,379,4.5398,143100,INLAND
-122.28,37.88,52,1844,332,769,334,4.2614,261300,NEAR BAY
-122.09,37.89,35,880,139,352,132,6.8686,406500,NEAR BAY
-122.07,37.57,8,8647,1407,5019,1379,6.5615,318300,NEAR BAY
-121.89,38.01,30,4114,743,1994,722,4.2227,134400,INLAND
-122.07,37.67,28,2932,739,1198,624,3.2417,210800,NEAR BAY
-122.28,37.9,52,2318,328,779,312,7.1754,362900,NEAR BAY
-122.06,37.85,17,7475,1556,2092,1449,3.6437,186500,NEAR BAY
-120.08,36.72,22,1339,251,820,276,3.6,83200,INLAND
-122.25,37.82,32,3809,1098,1806,1022,2.6429,218500,NEAR BAY
-119.81,36.77,43,2341,395,890,375,3.4265,85000,INLAND
-122.22,37.78,50,1920,530,1525,477,1.4886,128800,NEAR BAY
-119.79,36.7,23,1731,363,1210,341,1.3922,49500,INLAND
-121.97,37.79,16,3873,484,1451,501,6.7857,341300,<1H OCEAN
-122.25,37.77,52,1038,220,482,215,3.1771,210200,NEAR BAY
-122.03,37.97,45,1613,338,865,336,3.25,151100,NEAR BAY
-122.27,37.86,52,1769,372,849,365,2.6914,218800,NEAR BAY
-122.15,37.69,38,1246,221,637,222,3.6625,184600,NEAR BAY
-122.27,37.78,13,2020,535,959,486,5.2601,292700,NEAR BAY
-119.6,36.66,27,1388,296,1056,284,1.6094,55200,INLAND
-119.69,36.8,31,2576,458,1306,418,3.2813,68700,INLAND
-121.89,39.76,15,10265,1860,4591,1906,3.07,142600,INLAND
-121.92,37.64,46,1280,209,512,208,5.1406,315600,INLAND
-122.28,37.88,52,2495,491,1058,464,4.1429,259600,NEAR BAY
-121.84,37.98,8,7505,1089,3325,1016,5.2699,204200,INLAND
-119.76,36.73,39,1553,363,1449,341,1.4419,45500,INLAND
-122.32,37.97,29,2347,464,1135,490,3.9722,161000,NEAR BAY
-121.73,37.68,17,20354,3493,8768,3293,5.4496,238900,INLAND
-121.98,37.95,14,6290,854,2724,820,6.7371,267400,INLAND
-122.03,37.96,20,2636,691,1142,627,2.1083,162500,NEAR BAY
-122.18,37.79,46,2109,387,922,329,3.9712,208100,NEAR BAY
-122.36,37.93,44,1891,449,1047,432,1.7727,86100,NEAR BAY
-119.84,36.8,19,3244,776,1463,710,2.0469,66900,INLAND
-121.79,38.01,17,4032,814,1749,618,3.1728,146800,INLAND
-119.77,36.8,24,3748,770,1827,719,2.7222,83100,INLAND
-119.79,36.77,43,2323,502,1144,471,2.3967,58700,INLAND
-119.4,37.09,22,2211,477,773,288,3.3269,102700,INLAND
-119.57,36.7,7,1761,309,974,308,3.7261,83900,INLAND
-121.67,37.99,22,1046,195,527,164,4.375,213500,INLAND
-122.28,37.81,52,773,143,377,115,2.4083,98200,NEAR BAY
-121.55,39.51,48,827,198,396,161,0.8024,58300,INLAND
-121.7,39.37,32,1852,373,911,365,1.7885,57000,INLAND
-119.53,36.65,43,1676,320,1056,276,2.5562,93200,INLAND
-122.19,37.83,28,1326,184,463,190,8.2049,335200,NEAR BAY
-122.25,37.81,28,5806,1603,2563,1497,3.2177,273400,NEAR BAY
-119.84,36.75,34,1186,300,774,271,1.575,57100,INLAND
-122.16,37.72,38,1007,245,618,239,2.875,144800,NEAR BAY
-122.19,37.77,52,2329,445,1144,417,3.5114,151200,NEAR BAY
-122.03,37.83,24,5948,738,1997,710,9.8708,500001,NEAR BAY
-122.23,37.78,52,862,215,994,213,3.0257,80800,NEAR BAY
-122.09,37.6,36,385,94,295,92,2.9706,147900,NEAR BAY
-122.09,37.66,39,1160,259,725,274,2.2222,158300,NEAR BAY
-121.79,37.99,18,3646,534,1651,535,5.7321,164700,INLAND
-119.84,36.82,17,2807,376,996,353,5.5357,167700,INLAND
-122.2,37.75,36,606,132,531,133,1.5809,70000,NEAR BAY
-122.32,37.97,33,1156,190,643,209,4.5,156600,NEAR BAY
-122.27,37.85,42,1639,367,929,366,1.7135,159800,NEAR BAY
-122.21,37.81,52,1389,212,510,224,5.2402,296400,NEAR BAY
-119.81,36.75,52,1827,356,855,353,1.7636,55100,INLAND
-122.16,37.83,16,4596,705,1480,650,7.52,370200,NEAR BAY
-122.27,37.88,37,2619,682,1152,616,2.52,277800,NEAR BAY
-119.77,36.81,28,1713,302,663,282,3.567,85500,INLAND
-122.29,37.94,20,7578,1426,3637,1362,4.4387,190000,NEAR BAY
-122.17,37.75,44,1218,248,763,254,2.3281,88800,NEAR BAY
-122.36,37.94,26,1540,343,1007,338,1.3365,72900,NEAR BAY
-119.88,36.81,30,2288,474,1435,425,1.3221,61200,INLAND
-122.21,37.79,52,762,190,600,195,3.0893,125000,NEAR BAY
-121.98,37.58,20,4126,1031,2079,975,3.6832,216900,<1H OCEAN
-122.04,37.59,14,1727,302,1116,273,5.3428,243600,NEAR BAY
-119.77,36.72,43,1763,389,1623,390,1.4427,47700,INLAND
-122.23,37.83,52,2990,379,947,361,7.8772,500001,NEAR BAY
-122.01,37.57,14,16199,2993,8117,2847,5.8322,281800,NEAR BAY
-122.23,37.82,52,3051,381,1005,369,8.1872,466100,NEAR BAY
-122.15,37.72,47,1190,251,540,266,3.375,198300,NEAR BAY
-119.8,36.76,52,1853,437,764,390,1.6429,69200,INLAND
-122.18,37.76,52,754,175,447,165,3.9063,93800,NEAR BAY
-122.12,37.99,33,1660,277,741,261,4.675,225400,NEAR BAY
-124.3,41.8,19,2672,552,1298,478,1.9797,85800,NEAR OCEAN
-122.17,37.74,46,1026,226,749,225,3.0298,107600,NEAR BAY
-122.14,38.01,50,1760,341,741,316,4.5,178300,NEAR BAY
-121.95,37.94,21,3153,411,1318,431,6.8642,285400,INLAND
-121.95,37.74,19,1127,170,518,167,6.3325,250000,<1H OCEAN
-122.22,37.79,38,3049,711,2167,659,2.7969,141700,NEAR BAY
-122.18,39.75,30,4157,834,1885,774,1.6948,67500,INLAND
-119.89,36.76,17,1987,335,1152,313,4.1719,126400,INLAND
-119.7,36.94,15,1449,277,649,265,2.4861,86300,INLAND
-121.96,37.95,25,4026,791,1850,709,4.1483,181200,INLAND
-121.81,38.01,47,1942,430,1074,393,2.2361,105100,INLAND
-121.41,39.72,17,1583,331,730,306,2.3895,87500,INLAND
-122.16,37.72,10,2229,601,877,485,3.3431,137500,NEAR BAY
-122.32,38.01,26,3054,492,1495,496,4.6944,171100,NEAR BAY
-120.08,36.34,18,1524,414,2030,356,2.1153,112500,INLAND
-119.79,36.74,52,173,87,401,84,2.1094,75000,INLAND
-122.09,37.86,27,5484,760,2212,770,7.6202,402600,NEAR BAY
-119.87,36.76,34,1649,323,919,316,2.875,74500,INLAND
-122.31,37.93,39,2505,371,872,345,5.3433,286500,NEAR BAY
-122.06,37.86,16,5187,1014,1512,986,4.4551,252400,NEAR BAY
-119.72,36.82,16,2627,613,1054,623,1.9483,112500,INLAND
-119.79,36.82,25,2330,462,1215,467,3.2143,93000,INLAND
-120.38,36.76,12,932,244,1043,243,1.4038,54300,INLAND
-122.03,37.87,21,3521,447,1396,467,8.2673,358700,NEAR BAY
-119.74,36.73,34,1254,272,1056,279,2.3269,50800,INLAND
-121.89,38.02,36,2707,550,1827,545,3.3371,94600,INLAND
-122.25,37.79,45,1786,526,1475,460,1.7772,97500,NEAR BAY
-120.56,38.09,34,2745,559,1150,491,2.3654,94900,INLAND
-119.44,36.61,17,1531,280,775,246,3.9073,91600,INLAND
-122.21,37.78,47,881,248,753,241,2.625,111300,NEAR BAY
-122.0,37.96,28,4071,713,2033,647,4.5833,190700,INLAND
-122.14,37.76,34,1513,231,545,211,5.5701,252800,NEAR BAY
-121.83,37.99,23,1970,296,935,279,4.4853,145900,INLAND
-120.19,36.61,29,1479,338,1408,322,2.293,57200,INLAND
-122.15,37.71,18,5778,1526,2441,1352,3.1682,202700,NEAR BAY
-122.28,37.9,49,3191,516,1148,507,6.3538,333700,NEAR BAY
-122.34,37.97,19,392,109,287,81,6.0426,110000,NEAR BAY
-122.27,37.73,31,5785,1379,2973,1312,3.2689,231000,NEAR BAY
-120.88,38.91,15,3876,778,1960,691,2.902,127300,INLAND
-122.22,37.77,52,1137,301,866,259,2.59,96400,NEAR BAY
-122.27,37.89,52,3046,373,975,365,8.8342,430500,NEAR BAY
-119.8,36.74,25,1717,542,1343,471,0.799,51800,INLAND
-122.08,37.64,36,1116,199,662,226,5.7309,177900,NEAR BAY
-122.12,37.88,35,2785,362,1001,363,8.0448,433300,NEAR BAY
-119.74,36.72,25,3972,842,2863,729,2.1304,58500,INLAND
-119.82,36.76,46,2194,563,924,542,1.4028,68500,INLAND
-122.07,37.52,3,14014,2861,7205,2753,6.0824,273500,NEAR BAY
-122.22,37.81,52,1971,335,765,308,6.5217,273700,NEAR BAY
-122.07,37.63,27,2784,723,2028,693,2.4808,157600,NEAR BAY
-121.89,37.49,9,4909,577,1981,591,9.7194,500001,<1H OCEAN
-119.84,36.79,21,3235,648,1820,614,3.3447,71400,INLAND
-119.82,36.79,18,5822,1439,3415,1224,1.6854,64700,INLAND
-119.77,36.8,32,3461,665,1507,649,2.9244,84600,INLAND
-120.02,38.91,22,2138,493,829,330,2.2056,107200,INLAND
-121.88,37.66,29,2702,680,1360,642,3.1127,233000,INLAND
-121.65,39.76,31,1599,318,794,303,3.0,96700,INLAND
-122.27,37.82,41,3221,853,1959,720,1.1108,97500,NEAR BAY
-122.26,37.88,52,2604,837,1798,769,1.725,287500,NEAR BAY
-122.2,37.78,39,1752,399,1071,376,3.1167,121600,NEAR BAY
-122.33,37.97,45,1982,376,1179,398,3.5463,130800,NEAR BAY
-121.84,39.73,52,857,232,520,198,0.987,112500,INLAND
-122.17,37.75,37,1379,287,835,259,2.4962,91800,NEAR BAY
-122.34,37.95,44,1788,368,933,329,2.875,133400,NEAR BAY
-122.23,37.8,51,1590,414,949,392,1.9028,127900,NEAR BAY
-121.53,39.53,35,1806,293,683,295,4.5156,91200,INLAND
-119.78,38.69,17,1364,282,338,152,2.45,117600,INLAND
-119.81,36.79,35,2314,443,954,457,2.9506,73800,INLAND
-122.34,37.95,45,1128,240,702,270,3.6719,134100,NEAR BAY
-122.02,37.94,23,3516,661,1465,623,4.2569,213100,NEAR BAY
-122.09,37.71,31,1843,282,749,269,5.2855,253500,NEAR BAY
-122.3,37.81,52,1224,237,521,159,1.191,76100,NEAR BAY
-119.78,36.71,35,1987,394,1233,383,1.3587,45300,INLAND
-121.53,39.49,19,1537,329,617,274,1.5313,50300,INLAND
-122.28,37.86,52,1659,367,788,346,2.8214,164300,NEAR BAY
-122.03,37.99,35,3103,537,1614,566,4.9022,169300,NEAR BAY
-122.15,37.75,44,1938,399,946,331,3.225,135800,NEAR BAY
-122.21,37.83,34,5065,788,1627,766,6.8976,333300,NEAR BAY
-119.55,36.51,46,55,11,26,5,4.125,67500,INLAND
-119.95,38.95,21,2046,580,952,353,1.7245,92200,INLAND
-121.85,37.68,4,4719,741,1895,742,6.8132,282500,INLAND
-122.3,37.9,38,2263,522,1027,509,3.5125,224200,NEAR BAY
-122.01,39.21,39,1214,250,660,249,2.4559,75000,INLAND
-122.24,37.83,52,1757,246,585,227,5.8948,457800,NEAR BAY
-122.08,37.63,34,1619,293,1148,310,4.0326,164700,NEAR BAY
-121.93,38.02,13,1524,286,940,308,5.1337,154800,INLAND
-119.75,36.72,22,3247,859,4179,881,1.3343,60800,INLAND
-122.08,37.9,32,1075,170,486,173,5.0499,306800,NEAR BAY
-121.86,37.66,22,3634,664,1699,640,4.1597,293200,INLAND
-119.82,36.75,41,1022,209,741,213,2.0781,48800,INLAND
-122.29,37.86,52,1665,404,815,372,1.9946,156900,NEAR BAY
-119.79,36.75,33,3161,934,3530,846,1.123,46700,INLAND
-121.46,39.4,17,3659,735,1970,667,2.425,96200,INLAND
-121.82,39.73,44,2923,659,1371,626,2.2925,85800,INLAND
-122.17,37.72,46,1369,284,766,289,3.5313,159700,NEAR BAY
-122.09,37.63,34,1457,242,735,249,3.9167,189500,NEAR BAY
-121.87,37.66,39,522,116,161,102,2.4896,238500,INLAND
-119.94,38.92,24,1258,216,235,96,4.6,136800,INLAND
-122.32,37.93,33,296,73,216,63,2.675,22500,NEAR BAY
-122.16,37.75,24,1790,454,1137,386,2.537,107900,NEAR BAY
-122.32,38.06,4,7999,1611,3596,1396,5.0969,174200,NEAR BAY
-122.05,37.59,15,6243,1273,3163,1274,3.7462,212500,NEAR BAY
-122.18,37.86,33,4449,636,1684,617,8.9571,399700,NEAR BAY
-122.17,37.73,52,1555,289,620,292,3.7159,183300,NEAR BAY
-122.3,37.81,48,828,182,392,133,2.5938,73500,NEAR BAY
-122.3,38.0,34,1712,317,956,341,4.4394,162000,NEAR BAY
-122.26,37.87,52,1087,371,3337,350,1.4012,175000,NEAR BAY
-122.25,37.8,42,4120,1065,1715,1015,2.9345,225000,NEAR BAY
-121.67,39.34,22,1217,224,537,187,2.6607,84600,INLAND
-122.12,37.69,10,2227,560,1140,472,2.3973,167300,NEAR BAY
-119.69,36.83,28,1868,350,898,329,3.1814,78900,INLAND
-121.87,37.66,52,775,134,315,123,5.0677,233300,INLAND
-122.08,37.68,37,848,202,314,205,2.3958,190800,NEAR BAY
-122.26,37.88,52,2551,417,894,404,6.2425,391800,NEAR BAY
-119.58,36.77,19,3225,548,1760,542,4.0227,126500,INLAND
-122.17,37.88,32,3633,508,1393,506,7.6917,401800,NEAR BAY
-122.2,37.77,41,1547,415,1024,341,2.0562,102000,NEAR BAY
-122.14,37.67,37,3156,534,1495,543,4.8125,188300,NEAR BAY
-122.1,37.96,20,3796,650,1679,611,4.3571,228200,NEAR BAY
-121.7,37.91,17,1962,291,825,267,4.8958,187100,INLAND
-122.12,37.91,34,5683,755,1962,723,8.3678,455300,NEAR BAY
-122.07,37.67,38,2104,409,1039,394,3.875,165300,NEAR BAY
-122.29,37.81,26,768,152,392,127,1.7719,82500,NEAR BAY
-119.79,36.83,15,3356,694,1232,627,2.2215,72200,INLAND
-120.18,36.59,25,948,198,613,171,2.3026,90600,INLAND
-122.08,37.69,42,1414,274,629,244,3.3478,184900,NEAR BAY
-120.56,38.39,20,1326,307,563,237,2.6667,86600,INLAND
-119.77,36.81,25,1565,271,661,275,3.4279,84700,INLAND
-122.23,37.79,49,1175,217,859,219,2.293,106300,NEAR BAY
-122.31,37.91,31,1432,348,681,348,2.7243,218100,NEAR BAY
-120.43,38.25,13,763,161,311,125,2.4583,112500,INLAND
-122.26,37.85,50,1120,283,697,264,2.125,140000,NEAR BAY
-121.81,37.97,8,1584,236,615,202,6.4753,166800,INLAND
-122.12,37.68,40,1553,253,724,267,4.38,196400,NEAR BAY
-124.19,41.78,15,3140,714,1645,640,1.6654,74600,NEAR OCEAN
-122.24,37.77,43,955,284,585,266,2.3882,162500,NEAR BAY
-122.23,37.82,52,3242,366,1001,352,12.2138,500001,NEAR BAY
-122.14,37.74,52,1071,201,440,192,4.0662,204200,NEAR BAY
-122.28,37.83,52,3108,813,1623,765,2.6997,126900,NEAR BAY
-121.54,40.06,17,858,262,47,27,2.4028,67500,INLAND
-121.97,37.52,23,4925,948,2530,894,5.0824,230900,<1H OCEAN
-122.33,37.94,47,1882,361,797,342,3.5848,140800,NEAR BAY
-121.88,38.03,10,2769,619,1045,469,4.1111,158600,INLAND
-121.78,37.97,4,17032,2546,7653,2359,5.5601,213700,INLAND
-121.8,38.0,34,2738,475,1316,459,3.5368,122500,INLAND
-121.57,39.76,20,1384,257,557,232,2.0882,104900,INLAND
-122.24,37.8,52,996,228,731,228,2.2697,127000,NEAR BAY
-121.63,38.03,17,2549,596,1169,500,3.6694,209400,INLAND
-122.23,37.77,52,769,206,612,183,2.57,72000,NEAR BAY
-119.62,36.59,17,2287,390,1330,393,4.0197,88000,INLAND
-122.02,37.56,35,1716,312,914,316,5.5737,214500,NEAR BAY
-121.78,38.0,8,2371,375,1094,396,5.3245,174500,INLAND
-122.14,37.68,27,3337,613,1489,607,3.6364,219200,NEAR BAY
-122.17,37.77,39,1612,342,912,322,3.3958,141900,NEAR BAY
-119.81,36.71,25,1026,221,789,183,1.5625,52800,INLAND
-119.9,36.79,22,1970,332,1066,319,3.3125,106100,INLAND
-122.03,37.56,31,4981,964,2841,924,4.8962,220200,NEAR BAY
-119.76,36.75,39,2233,563,2031,491,1.8641,50800,INLAND
-122.08,37.7,25,3402,758,1645,710,3.4934,209900,NEAR BAY
-119.82,36.78,36,1370,289,812,282,2.6127,69600,INLAND
-122.0,37.82,20,2206,458,926,432,4.6042,256400,<1H OCEAN
-122.25,37.8,43,2364,792,1359,722,2.1429,250000,NEAR BAY
-122.27,37.86,52,1088,305,486,267,2.6071,250000,NEAR BAY
-120.62,38.71,10,6305,1150,2597,921,4.0197,132200,INLAND
-121.59,39.78,18,945,205,385,207,2.1838,58000,INLAND
-122.28,37.89,52,2070,329,722,306,5.4171,292000,NEAR BAY
-121.92,37.72,4,7477,1576,2937,1506,5.1437,299400,<1H OCEAN
-119.74,36.76,42,2093,470,1621,438,1.7994,58700,INLAND
-121.94,37.75,16,5121,735,2464,761,6.6204,296100,<1H OCEAN
-121.19,39.55,17,1483,284,481,211,1.4896,83300,INLAND
-122.28,37.86,52,2031,450,958,445,1.9327,169900,NEAR BAY
-119.67,36.82,2,2579,376,1133,342,4.5577,123300,INLAND
-119.83,36.79,24,3505,819,2098,774,1.9575,67000,INLAND
-121.96,37.58,15,3575,597,1777,559,5.7192,283500,<1H OCEAN
-122.19,37.74,43,707,147,417,155,2.5139,83400,NEAR BAY
-122.06,37.96,37,1784,313,788,304,4.2917,189600,NEAR BAY
-122.13,37.76,26,3266,491,1222,533,5.37,275400,NEAR BAY
-122.01,37.58,17,4313,717,2629,721,5.7579,231800,NEAR BAY
-122.19,37.79,28,3144,761,1737,669,2.9297,140500,NEAR BAY
-119.62,36.58,13,1788,405,1652,411,2.6858,62400,INLAND
-122.27,37.84,52,2436,541,1015,478,1.725,113900,NEAR BAY
-122.19,37.79,50,954,217,546,201,2.6667,172800,NEAR BAY
-121.84,39.75,29,4362,1053,2053,1000,1.7284,74500,INLAND
-121.87,37.99,15,2203,312,1051,311,4.9783,163900,INLAND
-122.2,37.76,47,1116,259,826,279,1.75,85700,NEAR BAY
-121.8,39.75,28,2551,378,1011,374,4.3309,125200,INLAND
-122.05,39.34,44,1064,230,494,175,2.875,61500,INLAND
-122.16,37.74,44,1097,239,609,215,2.0227,103100,NEAR BAY
-119.69,36.81,13,1524,366,994,370,2.5446,93800,INLAND
-122.24,38.01,11,3751,565,1949,555,5.7862,269400,NEAR BAY
-122.11,37.66,36,1755,316,913,299,4.1302,172700,NEAR BAY
-122.2,37.79,45,2021,528,1410,480,2.7788,115400,NEAR BAY
-122.23,37.81,52,1433,229,612,213,4.7708,314700,NEAR BAY
-121.62,37.61,26,1786,306,771,279,5.7239,430600,INLAND
-120.57,38.2,13,4110,847,1796,706,2.6417,122300,INLAND
-122.22,37.79,52,3424,690,2273,685,3.9048,164700,NEAR BAY
-122.17,37.72,5,1692,398,814,328,3.663,158300,NEAR BAY
-122.25,37.86,52,1587,444,878,449,1.7652,336800,NEAR BAY
-119.81,36.8,29,2806,552,1242,540,3.5958,88800,INLAND
-122.37,37.94,40,1064,266,912,239,1.0521,69100,NEAR BAY
-122.09,37.67,48,1252,305,673,308,2.3357,175000,NEAR BAY
-119.81,36.76,51,2419,486,1284,426,2.2029,54200,INLAND
-119.69,36.43,29,1799,356,1278,387,1.7813,57900,INLAND
-122.25,37.74,25,1914,365,897,390,4.4562,206200,NEAR BAY
-122.33,37.89,42,1342,291,551,266,4.5268,207400,NEAR BAY
-119.67,36.74,19,2788,614,1365,525,2.7813,120300,INLAND
-119.76,36.77,38,3804,814,2142,816,2.1439,60200,INLAND
-119.74,36.75,47,2236,418,1042,397,2.9545,59600,INLAND
-122.13,37.67,38,2012,347,880,332,3.1734,181600,NEAR BAY
-122.15,37.69,36,1501,287,703,276,3.8864,197300,NEAR BAY
-120.76,38.47,17,1521,309,607,240,3.5,123800,INLAND
-120.54,38.07,37,736,148,339,140,2.2875,79900,INLAND
-120.09,36.19,12,1923,559,2809,535,1.4191,55100,INLAND
-121.7,39.36,37,2330,495,1505,470,2.0474,56000,INLAND
-119.64,36.82,14,4872,656,2085,617,5.6739,173800,INLAND
-122.13,37.77,24,2459,317,916,324,7.0712,293000,NEAR BAY
-120.71,38.85,8,1877,479,884,323,3.4688,120100,INLAND
-122.37,37.96,37,1572,402,1046,350,0.7403,68600,NEAR BAY
-122.2,37.8,46,2041,405,1059,399,3.8487,203300,NEAR BAY
-122.25,37.85,52,1627,280,565,259,3.8462,342200,NEAR BAY
-122.1,37.96,25,1374,206,569,235,6.3699,235500,NEAR BAY
-121.89,37.82,4,11444,1355,3898,1257,13.2949,500001,INLAND
-121.83,37.95,17,1133,244,716,235,2.875,162500,INLAND
-122.27,37.88,52,2803,930,1372,876,2.1907,271400,NEAR BAY
-120.04,38.86,16,2708,481,712,261,3.7891,117700,INLAND
-122.17,37.78,49,893,177,468,181,3.875,140600,NEAR BAY
-122.06,37.71,36,3541,570,1478,529,4.635,248600,NEAR BAY
-122.37,37.94,49,969,229,599,195,1.3167,71600,NEAR BAY
-121.58,39.51,24,1865,372,1087,385,1.6389,56700,INLAND
-121.93,37.72,26,3816,637,1935,642,4.4697,221300,<1H OCEAN
-119.81,36.73,50,772,194,606,167,2.2206,59200,INLAND
-119.6,36.57,33,1923,403,1205,389,1.8333,68300,INLAND
-119.72,36.71,7,2456,463,1350,424,3.0179,91600,INLAND
-122.24,37.83,41,2576,406,794,376,5.956,366100,NEAR BAY
-122.03,37.91,29,5438,871,2310,890,5.0362,275300,NEAR BAY
-122.23,37.77,52,772,179,409,160,3.3214,189600,NEAR BAY
-121.95,37.96,18,2739,393,1072,374,6.1436,259500,INLAND
-121.95,37.54,29,3517,645,1724,585,4.6641,248900,<1H OCEAN
-122.14,37.72,45,1397,253,555,248,2.983,202700,NEAR BAY
-121.9,38.04,36,1489,331,838,259,1.2024,90200,INLAND
-122.28,37.81,35,948,184,467,169,1.8088,118800,NEAR BAY
-119.97,38.94,26,1485,334,406,180,1.9667,84600,INLAND
-122.05,37.95,34,1408,277,738,269,4.175,169400,NEAR BAY
-120.0,38.9,21,1653,419,737,308,1.9727,114100,INLAND
-122.2,37.77,43,2430,502,1537,484,2.898,121400,NEAR BAY
-120.1,36.66,19,2020,416,1341,360,1.7,69000,INLAND
-119.78,36.77,45,1315,256,666,240,2.3562,58100,INLAND
-119.56,36.53,19,2746,495,1670,518,3.2019,95700,INLAND
-122.23,37.8,52,2033,486,787,459,3.1603,269500,NEAR BAY
-121.7,37.96,33,2396,452,1391,465,3.2813,151400,INLAND
-119.86,36.8,18,2536,516,1196,466,2.5595,67900,INLAND
-120.37,36.13,10,2522,533,1335,493,3.2639,86400,INLAND
-122.22,37.78,44,2968,710,2269,610,2.3906,111700,NEAR BAY
-122.19,37.78,49,1183,205,496,209,5.2328,174200,NEAR BAY
-120.54,38.75,9,3006,540,1102,418,3.9812,136600,INLAND
-122.35,37.92,36,921,200,585,236,1.9224,94000,NEAR BAY
-119.71,36.8,17,1415,267,861,293,3.25,81400,INLAND
-122.11,37.83,19,5130,741,1887,712,7.203,369900,NEAR BAY
-122.03,37.98,44,1254,252,498,217,3.4531,148900,NEAR BAY
-119.73,36.83,14,3348,491,1584,493,5.0828,111400,INLAND
-121.82,38.02,46,176,43,101,40,2.2361,93800,INLAND
-121.97,37.54,28,2312,496,1344,467,4.7135,203200,<1H OCEAN
-121.7,37.93,10,3258,612,1779,558,4.6587,152500,INLAND
-119.75,36.78,35,1129,220,474,242,2.4405,74300,INLAND
-119.81,36.79,39,2471,460,1118,431,2.4167,71900,INLAND
-119.98,38.94,25,1339,328,503,219,1.9018,109700,INLAND
-119.43,36.59,15,1371,306,1266,309,1.767,63300,INLAND
-122.18,37.77,42,1180,257,877,268,2.8125,97300,NEAR BAY
-119.69,36.74,23,2097,385,911,405,3.5128,121600,INLAND
-122.06,37.94,19,4005,972,1896,893,2.5268,235700,NEAR BAY
-122.02,37.56,23,4332,857,2461,829,4.3594,223400,NEAR BAY
-124.15,41.81,17,3276,628,3546,585,2.2868,103100,NEAR OCEAN
-120.71,38.34,16,1257,231,559,213,4.4531,144300,INLAND
-122.22,37.81,52,2944,536,1034,521,5.3509,302100,NEAR BAY
-119.76,36.75,35,1607,383,1407,382,2.19,53400,INLAND
-122.21,37.79,45,2115,533,1530,474,2.4167,139400,NEAR BAY
-122.04,37.54,26,2145,369,1285,377,4.9464,223800,NEAR BAY
-118.91,36.79,19,1616,324,187,80,3.7857,78600,INLAND
-119.82,36.79,35,1474,291,709,294,2.6522,65900,INLAND
-122.1,37.65,25,2538,494,1185,501,4.5417,194400,NEAR BAY
-122.19,37.79,47,1229,243,582,256,2.9514,198100,NEAR BAY
-121.82,37.73,47,127,23,51,21,4.3472,375000,INLAND
-122.07,37.67,27,3239,671,1469,616,3.2465,230600,NEAR BAY
-119.57,36.7,30,2370,412,1248,410,3.1442,72300,INLAND
-122.05,37.92,14,12713,2558,4741,2412,4.7094,234700,NEAR BAY
-122.29,37.84,35,1872,419,1017,414,2.2106,132500,NEAR BAY
-122.08,37.64,36,786,133,463,160,3.9338,182700,NEAR BAY
-122.3,37.88,45,453,146,749,137,1.475,187500,NEAR BAY
-122.26,37.86,52,3774,744,1461,679,2.9405,289500,NEAR BAY
-122.06,37.77,12,14316,2045,5781,2007,7.2634,341600,NEAR BAY
-121.07,38.66,22,1831,274,813,269,4.6394,173400,INLAND
-122.07,37.7,39,1420,272,645,277,4.125,232500,NEAR BAY
-122.08,37.72,32,2476,368,1048,367,5.6194,274700,NEAR BAY
-122.35,37.94,47,1275,275,844,273,2.8967,95600,NEAR BAY
-120.01,38.92,25,1758,357,689,278,2.675,104200,INLAND
-122.01,37.94,18,2077,298,937,292,6.3809,273600,NEAR BAY
-119.74,36.83,14,4675,829,2235,787,4.1098,108200,INLAND
-122.33,37.91,36,1954,513,1437,440,1.125,93800,NEAR BAY
-122.33,37.94,45,1226,279,590,260,2.8833,140400,NEAR BAY
-120.31,36.65,24,943,209,514,156,2.25,76600,INLAND
-121.63,38.04,25,2019,411,888,326,3.2619,183800,INLAND
-122.31,37.92,12,1895,600,983,519,2.5,195800,NEAR BAY
-121.6,39.77,23,2263,497,1138,455,2.3403,87300,INLAND
-122.29,37.89,52,2178,421,940,423,5.0551,232200,NEAR BAY
-120.0,38.87,12,1437,268,395,144,4.225,127600,INLAND
-122.02,38.0,28,2965,533,1591,472,4.6375,178200,NEAR BAY
-119.78,36.82,22,4241,1147,1929,971,1.7708,53500,INLAND
-122.01,37.92,16,2638,345,1055,334,8.1163,365800,NEAR BAY
-121.85,39.74,39,1139,265,623,264,2.2833,85800,INLAND
-121.93,37.54,25,1354,192,596,220,6.629,352400,<1H OCEAN
-119.88,36.85,8,2580,372,1111,393,7.5,256200,INLAND
-120.37,38.25,13,4495,856,1149,459,2.5352,113700,INLAND
-122.03,37.97,20,3968,931,2629,903,2.9915,166700,NEAR BAY
-119.53,36.61,33,587,170,730,162,1.5625,55800,INLAND
-121.99,37.97,28,2839,428,1372,443,6.2135,217200,INLAND
-122.08,37.59,16,1816,365,1367,355,4.235,156300,NEAR BAY
-119.6,36.58,28,1452,300,919,308,2.8287,73100,INLAND
-122.27,37.77,52,1710,481,849,457,2.7115,220800,NEAR BAY
-120.33,38.26,13,2962,546,252,103,4.4063,155800,INLAND
-121.54,39.47,14,1724,315,939,302,2.4952,53900,INLAND
-122.04,37.62,35,1032,173,453,176,6.396,208500,NEAR BAY
-120.55,38.46,16,1443,249,435,181,3.2031,129200,INLAND
-121.97,37.97,26,1977,264,817,273,5.7512,240200,INLAND
-120.91,38.73,11,5460,859,2645,838,4.835,230600,INLAND
-122.2,39.75,18,2603,576,1616,588,2.0192,63700,INLAND
-120.93,38.77,9,2229,355,788,341,5.5111,196300,INLAND
-121.99,37.54,18,3584,715,1673,661,3.9444,240100,<1H OCEAN
-122.31,37.92,30,1014,236,537,204,2.8456,183300,NEAR BAY
-121.95,37.81,5,7178,898,2823,907,9.0776,450400,<1H OCEAN
-122.08,37.89,39,3018,501,1223,489,6.2924,283900,NEAR BAY
-121.62,39.79,11,3835,727,1456,658,2.5374,97200,INLAND
-122.25,37.79,52,902,237,846,227,3.625,125000,NEAR BAY
-122.26,37.82,31,4596,1331,2048,1180,2.8345,183800,NEAR BAY
-122.07,37.88,11,1077,318,590,264,3.5536,387200,NEAR BAY
-122.3,37.91,39,2686,569,1159,559,2.9441,200400,NEAR BAY
-119.45,36.59,28,1274,215,572,202,3.825,84200,INLAND
-120.02,38.86,19,2429,459,883,300,3.017,97600,INLAND
-119.97,38.93,24,856,185,388,108,3.1806,107200,INLAND
-119.78,36.73,52,1377,319,1280,259,1.2344,43300,INLAND
-119.8,36.86,7,6434,1201,2733,1045,3.7656,145000,INLAND
-122.22,37.77,40,494,114,547,135,2.8015,114800,NEAR BAY
-122.28,37.84,50,2082,492,1131,473,1.6424,108900,NEAR BAY
-122.17,37.77,31,2424,533,1360,452,1.871,90700,NEAR BAY
-122.05,37.57,7,10648,1818,6075,1797,6.1047,278200,NEAR BAY
-121.89,39.71,26,2741,451,1217,437,3.7007,139200,INLAND
-121.57,39.8,23,790,137,365,152,2.1912,115200,INLAND
-119.78,36.65,27,1226,240,706,211,2.77,68400,INLAND
-122.07,37.95,39,2199,388,1025,385,4.5893,190000,NEAR BAY
-122.42,37.93,47,3453,779,1353,728,4.016,274500,NEAR BAY
-120.65,38.42,23,1538,305,730,267,2.6078,116700,INLAND
